Date,Code,Name,MarketCap,Price,Sales (2024),OpIncome (2024),NetIncome (2024),Sales (2025),OpIncome (2025),NetIncome (2025),FY-PER,FY-PBR,FY-ROE,FY-SalesGrowth,FY-OpGrowth,FY-NetGrowth,DivYield,DivPayout
2025-4-22,005930,삼성전자,3279479,55000,3008709.0,327260.0,327260.0,3228625.0,338160.0,,11.48,0.9,8.05,7.31,3.33,-4.03,2.63,29.21
2025-4-22,000660,SK하이닉스,1288564,174800,661930.0,234673.0,234673.0,847403.0,344223.0,,4.72,1.25,31.14,28.02,46.68,36.64,1.26,8.11
2025-4-22,373220,LG에너지솔루션,785070,331500,256196.0,-9046.0,5754.0,276255.0,17101.0,,186.55,3.57,1.94,7.83,-289.04,282.99,,
2025-4-22,207940,삼성바이오로직스,759426,1070000,45473.0,13201.0,13201.0,56019.0,16387.0,,57.65,6.23,11.42,23.19,24.13,21.25,,
2025-4-22,005380,현대차,392027,187400,1752312.0,142396.0,142396.0,1817764.0,138483.0,,4.14,0.44,10.98,3.74,-2.75,-2.03,6.4,26.06
2025-4-22,012450,한화에어로스페이스,379691,839000,112401.0,17319.0,17319.0,225475.0,27136.0,,22.93,4.73,25.53,100.6,56.68,-25.18,0.42,7.46
2025-4-22,068270,셀트리온,351185,159000,35573.0,4920.0,4920.0,44980.0,13058.0,,33.77,1.75,5.91,26.44,165.41,149.82,0.45,38.45
2025-4-22,000270,기아,348758,87800,1074488.0,126671.0,126671.0,1129116.0,123285.0,,3.57,0.56,16.53,5.08,-2.67,0.37,7.4,26.63
2025-4-22,105560,KB금융,323873,83200,304914.0,80453.0,80453.0,307579.0,75869.0,,6.03,0.53,9.14,0.87,-5.7,7.39,3.81,24.98
2025-4-22,329180,HD현대중공업,312925,359500,144865.0,7052.0,7052.0,161071.0,13038.0,,33.86,4.99,15.58,11.19,84.88,52.2,0.58,29.85
2025-4-22,035420,NAVER,298336,195100,107377.0,19793.0,19793.0,118896.0,22852.0,,16.1,1.09,7.25,10.73,15.45,-2.79,0.58,9.49
2025-4-22,055550,신한지주,243415,48650,292093.0,64587.0,64587.0,286365.0,68772.0,,4.99,0.41,8.52,-1.96,6.48,10.12,4.44,24.71
2025-4-22,042660,한화오션,237163,78400,107760.0,2379.0,2379.0,123981.0,7008.0,,46.67,4.58,10.19,15.05,194.58,-0.59,,
2025-4-22,012330,현대모비스,225513,241500,572370.0,30735.0,30735.0,603151.0,35394.0,,5.21,0.46,9.11,5.38,15.16,6.28,2.48,13.8
2025-4-22,138040,메리츠금융지주,212323,118200,40217.0,31889.0,31889.0,40698.0,32638.0,,9.31,1.79,21.87,1.2,2.35,-1.93,1.14,11.35
2025-4-22,005490,POSCO홀딩스,202737,251500,726881.0,21736.0,21736.0,731550.0,26812.0,,14.4,0.35,2.55,0.64,23.35,65.54,3.98,76.49
2025-4-22,028260,삼성물산,193773,115900,421032.0,29834.0,29834.0,417531.0,30700.0,,8.88,0.56,6.87,-0.83,2.9,2.25,2.24,21.17
2025-4-22,259960,크래프톤,183978,382000,27098.0,11825.0,11825.0,30822.0,13445.0,,16.06,2.28,15.44,13.74,13.7,-12.22,,
2025-4-22,035720,카카오,172666,39700,78717.0,4602.0,4602.0,81804.0,5402.0,,46.6,1.64,3.62,3.92,17.38,-327.36,0.17,54.84
2025-4-22,086790,하나금융지주,170621,60000,241166.0,48552.0,48552.0,242762.0,51203.0,,4.42,0.38,8.88,0.66,5.46,3.85,6.0,27.97
2025-4-22,011200,HMM,166075,19030,117002.0,35128.0,35128.0,102736.0,18239.0,,7.84,0.6,7.68,-12.19,-48.08,-43.21,3.15,13.98
2025-4-22,000810,삼성화재,166048,358000,174130.0,26496.0,26496.0,,28172.0,,8.6,1.01,13.13,,6.33,4.17,5.31,46.33
2025-4-22,034020,두산에너빌리티,165585,26000,162331.0,10176.0,10176.0,159412.0,11139.0,,40.94,2.06,5.22,-1.8,9.46,37.65,,
2025-4-22,015760,한국전력,161453,25050,933989.0,83647.0,83647.0,973740.0,135551.0,,2.21,0.35,16.79,4.26,62.05,102.27,0.85,3.92
2025-4-22,032830,삼성생명,158800,82800,108372.0,24998.0,24998.0,,27444.0,,7.29,0.49,7.25,,9.78,8.37,5.43,42.72
2025-4-22,009540,HD한국조선해양,155700,228750,255386.0,14341.0,14341.0,285120.0,24203.0,,10.04,1.32,13.82,11.64,68.77,26.67,2.23,30.79
2025-4-22,051910,LG화학,152832,216500,489161.0,-5632.0,9168.0,517434.0,19214.0,,30.19,0.51,1.69,5.78,-441.16,104.72,0.46,-11.33
2025-4-22,010130,고려아연,140782,699000,120529.0,7235.0,7235.0,137352.0,6868.0,,61.7,1.31,2.87,13.96,-5.07,19.46,2.5,190.42
2025-4-22,096770,SK이노베이션,139707,92400,747170.0,231.0,3155.0,822113.0,12745.0,,-41.03,0.58,-1.41,10.03,5417.32,-85.35,2.16,-9.42
2025-4-22,033780,KT&G,134268,115200,59088.0,11888.0,11888.0,62395.0,12813.0,,12.86,1.33,11.68,5.6,7.78,-5.62,4.69,60.17
2025-4-22,316140,우리금융지주,125943,17080,220133.0,42552.0,42552.0,221197.0,43067.0,,4.1,0.35,8.84,0.48,1.21,0.97,7.03,28.96
2025-4-22,030200,KT,124120,49500,264312.0,8095.0,8095.0,277495.0,24476.0,,7.63,0.71,9.73,4.99,202.36,319.23,4.04,108.11
2025-4-22,064350,현대로템,123985,116000,43766.0,4566.0,4566.0,56479.0,8471.0,,18.66,4.66,28.49,29.05,85.52,67.33,0.17,5.36
2025-4-22,017670,SK텔레콤,123719,58600,179406.0,18234.0,18234.0,181270.0,19845.0,,9.7,1.02,10.84,1.04,8.84,-1.16,6.04,60.93
2025-4-22,010140,삼성중공업,123068,14090,99031.0,5027.0,5027.0,109146.0,7377.0,,25.16,2.33,12.1,10.21,46.75,823.19,,
2025-4-22,006400,삼성SDI,121781,177100,165922.0,2734.0,3633.0,149829.0,1188.0,,38.33,0.57,1.58,-9.7,-56.55,-34.58,0.56,11.74
2025-4-22,267260,HD현대일렉트릭,120036,330000,33223.0,6690.0,6690.0,40398.0,8984.0,,17.48,5.92,38.92,21.6,34.29,35.85,1.62,38.45
2025-4-22,024110,기업은행,116583,14770,189549.0,35941.0,35941.0,192574.0,37383.0,,4.25,0.33,7.95,1.6,4.01,4.6,7.21,32.12
2025-4-22,066570,LG전자,114553,69800,877282.0,34197.0,34197.0,908139.0,35504.0,,9.16,0.58,6.45,3.52,3.82,194.52,1.43,49.21
2025-4-22,402340,SK스퀘어,111646,82200,61385.0,39126.0,39126.0,40066.0,48538.0,,2.45,0.46,20.99,-34.73,24.06,21.08,,
2025-4-22,003550,LG,98785,63600,71755.0,9668.0,9668.0,82530.0,17530.0,,8.16,0.36,4.58,15.02,81.32,95.6,4.87,86.47
2025-4-22,003670,포스코퓨처엠,97138,125000,36999.0,7.0,7.0,39988.0,770.0,,8928.57,3.89,0.04,8.08,10900.0,-99.39,,
2025-4-22,352820,하이브,96216,231500,22556.0,1840.0,1840.0,26524.0,3148.0,,40.27,2.75,7.15,17.59,71.09,-6932.35,0.09,88.89
2025-4-22,000100,유한양행,92400,115400,20678.0,549.0,549.0,22771.0,1180.0,,67.68,3.95,6.52,10.12,114.94,140.4,0.43,57.54
2025-4-22,034730,SK,91715,130400,1246904.0,20629.0,23553.0,1270631.0,56950.0,,11.76,0.35,3.19,1.9,176.07,308.38,5.37,-39.73
2025-4-22,018260,삼성에스디에스,90377,118900,138282.0,9111.0,9111.0,143829.0,9504.0,,11.57,0.93,8.27,4.01,4.31,3.37,2.44,29.64
2025-4-22,009150,삼성전기,90005,120000,102941.0,7350.0,7350.0,110469.0,9188.0,,12.46,0.99,8.29,7.31,25.01,10.79,1.5,20.57
2025-4-22,047050,포스코인터내셔널,89720,51500,323408.0,11169.0,11169.0,332819.0,11452.0,,13.5,1.3,9.97,2.91,2.53,37.05,3.01,52.99
2025-4-22,086280,현대글로비스,85875,112100,284074.0,17529.0,17529.0,302549.0,20139.0,,5.73,0.85,15.77,6.5,14.89,34.0,3.3,25.37
2025-4-22,326030,SK바이오팜,81680,105000,5476.0,963.0,963.0,7104.0,1626.0,,55.56,11.9,23.92,29.73,68.85,-42.6,,
2025-4-22,047810,한국항공우주,78321,84500,36337.0,2407.0,2407.0,41018.0,3251.0,,31.27,4.24,14.44,12.88,35.06,55.3,0.59,28.33
2025-4-22,003490,대한항공,75117,20400,178707.0,21102.0,21102.0,244180.0,21007.0,,5.62,0.65,12.17,36.64,-0.45,1.86,3.68,21.03
2025-4-22,042700,한미반도체,72267,72500,5589.0,2554.0,2554.0,8611.0,4249.0,,18.05,6.51,52.91,54.07,66.37,154.33,0.99,45.77
2025-4-22,272210,한화시스템,72261,39300,28037.0,2193.0,2193.0,35387.0,2325.0,,35.76,2.75,8.05,26.22,6.02,-54.36,0.89,14.55
2025-4-22,443060,HD현대마린솔루션,71726,161900,17455.0,2717.0,2717.0,20132.0,3449.0,,26.13,8.38,33.88,15.34,26.94,21.9,1.95,59.38
2025-4-22,003230,삼양식품,71563,961000,17280.0,3446.0,3446.0,22020.0,4530.0,,20.57,6.29,35.92,27.43,31.46,29.86,0.34,9.14
2025-4-22,090430,아모레퍼시픽,67208,114500,38851.0,2205.0,2205.0,42974.0,4026.0,,23.69,1.41,6.14,10.61,82.59,-45.06,0.98,13.1
2025-4-22,079550,LIG넥스원,63580,311500,32763.0,2298.0,2298.0,37962.0,2989.0,,26.35,5.55,21.31,15.87,30.07,16.48,0.77,23.81
2025-4-22,010950,S-Oil,58880,52200,366370.0,4222.0,4222.0,355843.0,7847.0,,16.01,0.67,4.29,-2.87,85.86,-296.94,0.24,-7.55
2025-4-22,021240,코웨이,56889,78500,43101.0,7954.0,7954.0,47238.0,8616.0,,9.31,1.6,18.37,9.6,8.32,8.19,3.35,34.32
2025-4-22,267250,HD현대,55611,71400,677656.0,29832.0,29832.0,704000.0,44037.0,,5.97,0.58,10.58,3.89,47.62,46.93,5.04,55.87
2025-4-22,006800,미래에셋증권,54465,9950,28315.0,11881.0,11881.0,28693.0,11811.0,,7.88,0.55,7.4,1.33,-0.59,-1.52,2.51,20.34
2025-4-22,010120,LS ELECTRIC,52710,177900,45518.0,3897.0,3897.0,50790.0,4673.0,,16.8,2.55,16.2,11.58,19.91,33.03,1.63,36.45
2025-4-22,010620,HD현대미포,51645,131900,46300.0,885.0,885.0,50499.0,2707.0,,24.61,2.36,10.02,9.07,205.88,98.76,0.54,26.87
2025-4-22,064400,LG씨엔에스,50768,51850,59826.0,5129.0,5129.0,64817.0,5636.0,,12.43,1.96,17.15,8.34,9.88,10.25,3.22,40.0
2025-4-22,032640,LG유플러스,49861,11530,146252.0,8631.0,8631.0,148710.0,9721.0,,8.73,0.56,6.62,1.68,12.63,89.89,5.64,75.76
2025-4-22,051900,LG생활건강,49822,319000,68119.0,4590.0,4590.0,69014.0,4817.0,,20.78,0.97,4.8,1.31,4.95,45.32,1.1,32.79
2025-4-22,000150,두산,48993,291500,181329.0,10038.0,10038.0,183210.0,12598.0,,34.73,3.73,12.1,1.04,25.5,81.11,0.69,-18.94
2025-4-22,161390,한국타이어앤테크놀로지,47877,39100,94119.0,17623.0,17623.0,97696.0,16708.0,,3.99,0.41,10.63,3.8,-5.19,9.65,5.12,22.23
2025-4-22,029780,삼성카드,47038,41100,27898.0,8854.0,8854.0,42540.0,8390.0,,7.22,0.52,7.62,52.48,-5.24,-0.77,6.81,48.81
2025-4-22,271560,오리온,46929,121000,31043.0,5436.0,5436.0,33480.0,5937.0,,10.56,1.26,12.45,7.85,9.22,-13.69,2.07,18.84
2025-4-22,298040,효성중공업,44571,469000,48950.0,3625.0,3625.0,54493.0,5000.0,,13.99,2.18,15.97,11.32,37.93,47.47,1.07,20.94
2025-4-22,005940,NH투자증권,44014,13820,20120.0,9011.0,9011.0,21199.0,9858.0,,6.32,0.56,9.14,5.36,9.4,9.64,6.87,48.08
2025-4-22,000720,현대건설,43150,38650,326703.0,-12634.0,-12634.0,304910.0,9605.0,,7.09,0.51,7.38,-6.67,-176.03,-202.95,1.55,-40.0
2025-4-22,241560,두산밥캣,42823,44300,85512.0,8714.0,8714.0,88169.0,8221.0,,7.62,0.61,8.17,3.11,-5.66,-0.44,3.61,28.47
2025-4-22,034220,LG디스플레이,40800,8150,266153.0,-5606.0,-5606.0,261860.0,5562.0,,-14.03,0.64,-4.51,-1.61,-199.22,-89.25,,
2025-4-22,016360,삼성증권,40631,47200,22398.0,12058.0,12058.0,22163.0,11537.0,,4.74,0.53,11.65,-1.05,-4.32,-1.21,7.42,34.76
2025-4-22,009830,한화솔루션,40222,23600,123940.0,-3002.0,-3002.0,137438.0,5548.0,,-64.13,0.42,-0.67,10.89,-284.81,-97.85,1.27,-3.73
2025-4-22,377300,카카오페이,40067,30200,7662.0,-575.0,-575.0,8891.0,106.0,,87.79,2.13,2.46,16.04,-118.43,-334.88,,
2025-4-22,071050,한국금융지주,39788,73700,37361.0,11997.0,11997.0,40120.0,13150.0,,4.18,0.43,10.84,7.38,9.61,4.72,5.4,23.57
2025-4-22,006260,LS,38865,118400,275447.0,10877.0,10729.0,288730.0,10789.0,,10.62,0.74,7.45,4.82,-0.81,26.72,1.39,22.39
2025-4-22,028050,삼성E&A,37298,18930,99666.0,9716.0,9716.0,96827.0,7439.0,,6.22,0.79,13.35,-2.85,-23.44,-12.26,3.49,17.09
2025-4-22,251270,넷마블,37131,43250,26638.0,2156.0,2156.0,27185.0,2185.0,,22.67,0.64,3.04,2.05,1.35,4996.88,0.96,139.93
2025-4-22,011790,SKC,36883,95900,17216.0,-2768.0,-2768.0,18504.0,-1045.0,,-19.37,3.14,-18.03,7.48,-62.25,-53.46,,
2025-4-22,097950,CJ제일제당,35828,241000,293591.0,15530.0,15530.0,303338.0,16287.0,,7.54,0.48,6.53,3.32,4.87,116.39,2.49,66.33
2025-4-22,036460,한국가스공사,34340,37300,383887.0,30034.0,30034.0,371971.0,25681.0,,3.46,0.29,8.88,-3.1,-14.49,-12.98,3.9,11.71
2025-4-22,078930,GS,34239,37500,252975.0,30602.0,30602.0,251962.0,30049.0,,4.79,0.25,5.23,-0.4,-1.81,13.99,7.2,45.09
2025-4-22,175330,JB금융지주,34147,17890,36358.0,9061.0,9061.0,36440.0,9444.0,,5.02,0.57,11.9,0.23,4.23,1.96,5.56,28.68
2025-4-22,035250,강원랜드,33567,15860,14269.0,2858.0,2858.0,14687.0,2995.0,,9.81,0.8,8.76,2.93,4.79,-27.95,7.38,54.78
2025-4-22,011070,LG이노텍,33216,138600,212008.0,7060.0,7060.0,211745.0,6704.0,,7.26,0.59,8.26,-0.12,-5.04,0.58,1.51,11.01
2025-4-22,001040,CJ,33174,114400,436467.0,25475.0,25475.0,455179.0,29984.0,,10.91,0.69,6.65,4.29,17.7,436.97,2.62,106.5
2025-4-22,000880,한화,32906,44700,556468.0,24161.0,24161.0,624986.0,33439.0,,5.51,0.38,7.08,12.31,38.4,16.08,1.79,10.11
2025-4-22,307950,현대오토에버,32689,118500,37136.0,2244.0,2244.0,40956.0,2502.0,,16.83,1.73,10.78,10.29,11.5,12.61,1.5,28.58
2025-4-22,138930,BNK금융지주,32315,10340,69490.0,8759.0,8759.0,69466.0,10319.0,,4.04,0.29,7.43,-0.03,17.81,12.39,6.29,28.68
2025-4-22,128940,한미약품,30650,238000,14955.0,2162.0,2162.0,16118.0,2326.0,,21.36,2.43,12.44,7.78,7.59,8.9,0.53,13.2
2025-4-22,011780,금호석유화학,30428,116500,71550.0,2728.0,2728.0,77874.0,3687.0,,8.92,0.54,6.25,8.84,35.15,11.22,1.89,19.43
2025-4-22,302440,SK바이오사이언스,30281,38700,2675.0,-1384.0,-1384.0,6340.0,-860.0,,-45.96,1.66,-3.64,137.01,-37.86,21.76,,
2025-4-22,004020,현대제철,30225,23300,232261.0,1595.0,1595.0,232356.0,4548.0,,17.72,0.16,0.92,0.04,185.14,1875.0,3.22,-862.07
2025-4-22,039490,키움증권,29567,126300,18459.0,10982.0,10982.0,18744.0,11203.0,,4.06,0.54,14.54,1.54,2.01,1.93,5.94,25.59
2025-4-22,036570,엔씨소프트,29127,135300,15781.0,-1092.0,-1092.0,15878.0,676.0,,19.1,0.72,4.86,0.61,-161.9,64.08,1.08,34.02
2025-4-22,017800,현대엘리베이터,27091,72000,28853.0,2257.0,2257.0,28649.0,2750.0,,14.04,2.24,16.83,-0.71,21.84,10.83,7.64,117.37
2025-4-22,278470,에이피알,26400,70600,7228.0,1227.0,1227.0,9783.0,1728.0,,18.54,5.19,36.89,35.35,40.83,32.25,,
2025-4-22,383220,F&F,26202,67400,18960.0,4507.0,4507.0,19813.0,4731.0,,6.93,1.33,21.56,4.5,4.97,4.16,2.52,18.07
2025-4-22,011170,롯데케미칼,25622,62000,204304.0,-8941.0,-8941.0,208536.0,-2221.0,,-5.97,0.19,-3.17,2.07,-75.16,-73.76,3.23,-5.0
2025-4-22,052690,한전기술,24575,63400,5534.0,548.0,548.0,5971.0,576.0,,25.28,3.75,15.8,7.9,5.11,63.93,1.58,65.25
2025-4-22,004370,농심,24543,405000,34387.0,1631.0,1631.0,36591.0,1959.0,,14.0,0.86,6.46,6.41,20.11,11.93,1.23,19.33
2025-4-22,139480,이마트,24391,89500,290209.0,471.0,471.0,297377.0,4454.0,,12.12,0.23,1.94,2.47,845.65,-135.4,2.23,-9.45
2025-4-22,012750,에스원,24167,63200,28047.0,2092.0,2092.0,29597.0,2246.0,,12.39,1.27,11.4,5.53,7.36,9.68,4.27,58.05
2025-4-22,018880,한온시스템,23077,3410,99987.0,955.0,955.0,104827.0,2251.0,,-131.15,0.92,-0.65,4.84,135.71,-95.51,,
2025-4-22,004990,롯데지주,22083,21200,157570.0,3405.0,3405.0,164700.0,4410.0,,20.19,0.29,1.84,4.52,29.52,-115.15,5.66,-12.45
2025-4-22,007660,이수페타시스,21788,33850,8369.0,1019.0,1019.0,10070.0,1614.0,,19.25,4.23,27.2,20.33,58.39,68.24,0.43,12.84
2025-4-22,018670,SK가스,21726,233500,70959.0,2872.0,2872.0,87209.0,4435.0,,6.5,0.72,11.63,22.9,54.42,87.35,3.43,41.29
2025-4-22,066970,엘앤에프,21633,59000,19075.0,-5587.0,-5587.0,22276.0,-564.0,,-30.94,3.03,-9.79,16.78,-89.91,-81.61,,
2025-4-22,001440,대한전선,21348,11380,32913.0,1152.0,1152.0,35923.0,1328.0,,22.14,1.34,6.29,9.15,15.28,36.79,,
2025-4-22,002380,KCC,21016,240000,66588.0,4711.0,4711.0,68940.0,4842.0,,6.72,0.38,6.13,3.53,2.78,9.27,4.17,28.61
2025-4-22,081660,미스토홀딩스,21003,35500,42687.0,3608.0,3608.0,43284.0,4996.0,,9.2,0.96,11.15,1.4,38.47,71.35,3.38,85.84
2025-4-22,030000,제일기획,20902,18170,43443.0,3207.0,3207.0,45547.0,3442.0,,9.2,1.16,15.25,4.84,7.33,10.03,6.77,68.18
2025-4-22,111770,영원무역,20095,45900,35178.0,3156.0,3156.0,37375.0,4882.0,,4.93,0.51,10.84,6.25,54.69,38.61,3.05,14.53
2025-4-22,012510,더존비즈온,19080,61800,4023.0,881.0,881.0,4468.0,1009.0,,28.19,2.94,12.36,11.06,14.53,-14.1,0.77,25.55
2025-4-22,000120,CJ대한통운,19002,84100,121168.0,5307.0,5307.0,126573.0,5441.0,,6.88,0.43,6.9,4.46,2.52,7.83,0.95,7.34
2025-4-22,051600,한전KPS,18945,42050,15571.0,2095.0,2095.0,16120.0,2182.0,,10.78,1.34,12.81,3.53,4.15,1.8,5.87,64.43
2025-4-22,023530,롯데쇼핑,18614,67100,139866.0,4731.0,4731.0,141953.0,5871.0,,8.51,0.13,1.47,1.49,24.1,-123.05,5.66,-11.1
2025-4-22,192820,코스맥스,18465,162250,21661.0,1754.0,1754.0,24959.0,2190.0,,14.49,3.14,23.99,15.23,24.86,45.36,1.42,30.42
2025-4-22,000990,DB하이텍,18159,40550,11312.0,1908.0,1908.0,12620.0,2290.0,,7.38,0.77,11.77,11.56,20.02,6.58,3.03,23.86
2025-4-22,282330,BGF리테일,17975,103500,86988.0,2516.0,2516.0,91206.0,2688.0,,8.67,1.35,16.46,4.85,6.84,5.53,3.96,36.3
2025-4-22,028670,팬오션,17667,3320,51612.0,4712.0,4712.0,53851.0,4784.0,,5.26,0.3,5.85,4.34,1.53,24.88,3.61,23.9
2025-4-22,161890,한국콜마,17302,72900,24521.0,1939.0,1939.0,27376.0,2468.0,,14.6,1.94,14.03,11.64,27.28,23.62,0.99,18.8
2025-4-22,002790,아모레G,17004,21100,42599.0,2493.0,2493.0,44827.0,3918.0,,16.92,0.57,3.55,5.23,57.16,-58.85,1.56,12.57
2025-4-22,204320,HL만도,16481,35150,88482.0,3588.0,3588.0,93636.0,4012.0,,7.17,0.64,9.04,5.82,11.82,62.52,1.99,25.3
2025-4-22,007310,오뚜기,16131,403000,35391.0,2220.0,2220.0,36282.0,2408.0,,10.09,0.64,7.53,2.52,8.47,16.28,2.23,26.39
2025-4-22,139130,iM금융지주,15740,9620,41749.0,2634.0,2634.0,41604.0,5578.0,,3.79,0.25,6.88,-0.35,111.77,109.87,5.2,39.37
2025-4-22,375500,DL이앤씨,15670,40550,83184.0,2709.0,2709.0,78252.0,4626.0,,5.06,0.34,6.88,-5.93,70.76,51.4,1.33,10.1
2025-4-22,361610,SK아이이테크놀로지,15578,21600,2179.0,-2910.0,-2910.0,3897.0,-1417.0,,-12.05,0.72,-5.74,78.84,-51.31,-48.22,,
2025-4-22,042670,HD현대인프라코어,15393,8010,41142.0,1842.0,1842.0,44184.0,2364.0,,10.54,0.78,7.64,7.39,28.34,35.98,0.87,12.73
2025-4-22,103140,풍산,15161,54700,45544.0,3238.0,3238.0,49414.0,3155.0,,7.2,0.65,9.38,8.5,-2.56,-9.75,4.75,30.87
2025-4-22,069620,대웅제약,15085,130100,14227.0,1479.0,1479.0,15364.0,1705.0,,10.81,1.63,16.24,7.99,15.28,453.65,0.46,28.1
2025-4-22,008770,호텔신라,14992,38050,39476.0,-52.0,-52.0,42610.0,673.0,,43.24,1.3,2.99,7.94,-1394.23,-157.24,,
2025-4-22,112610,씨에스윈드,14907,35950,30725.0,2555.0,2555.0,30813.0,3076.0,,7.56,1.16,16.65,0.29,20.39,41.48,2.78,29.64
2025-4-22,004170,신세계,14776,154900,65704.0,4770.0,4770.0,68089.0,5301.0,,7.62,0.32,4.54,3.63,11.13,47.48,2.91,41.1
2025-4-22,294870,HDC현대산업개발,14697,22400,42562.0,1846.0,1846.0,43452.0,3136.0,,5.94,0.45,7.76,2.09,69.88,59.67,3.12,29.62
2025-4-22,005850,에스엘,14584,31500,49733.0,3952.0,3952.0,51008.0,4314.0,,4.09,0.56,14.63,2.56,9.16,-3.56,3.81,15.13
2025-4-22,009420,한올바이오파마,14287,27600,1389.0,2.0,2.0,1594.0,124.0,,96.5,6.9,8.2,14.76,6100.0,-933.33,,
2025-4-22,006360,GS건설,14180,16680,128638.0,2860.0,2860.0,125900.0,4241.0,,5.71,0.3,5.5,-2.13,48.29,2.16,1.8,10.46
2025-4-22,006280,녹십자,13813,119200,16799.0,321.0,321.0,18426.0,726.0,,60.32,1.08,1.84,9.69,126.17,-164.55,1.26,-66.7
2025-4-22,047040,대우건설,13653,3265,105036.0,4031.0,4031.0,87629.0,3852.0,,5.72,0.3,5.41,-16.57,-4.44,2.35,,
2025-4-22,000080,하이트진로,13504,19250,25992.0,2081.0,2081.0,26463.0,2282.0,,10.74,1.07,10.99,1.81,9.66,33.86,3.64,52.04
2025-4-22,000240,한국앤컴퍼니,13442,14310,13910.0,4183.0,4183.0,15414.0,5235.0,,2.65,0.28,11.0,10.81,25.15,45.99,6.99,27.07
2025-4-22,014680,한솔케미칼,13126,115500,7764.0,1288.0,1288.0,8491.0,1562.0,,9.76,1.2,13.16,9.36,21.27,8.41,1.82,19.4
2025-4-22,069960,현대백화점,12943,57700,41876.0,2840.0,2840.0,43304.0,3804.0,,6.2,0.28,4.7,3.41,33.94,-31500.0,2.43,-90.73
2025-4-22,073240,금호타이어,12811,4480,45322.0,5886.0,5886.0,49963.0,6594.0,,3.38,0.63,20.27,10.24,12.03,16.01,,
2025-4-22,010060,OCI홀딩스,12248,65800,35774.0,1015.0,1015.0,37187.0,2311.0,,7.39,0.31,4.19,3.95,127.68,64.29,3.34,43.96
2025-4-22,192080,더블유게임즈,11736,54600,6335.0,2487.0,2487.0,6993.0,2676.0,,6.43,0.9,15.42,10.39,7.6,-2.75,2.2,13.78
2025-4-22,103590,일진전기,11706,24100,15772.0,797.0,797.0,16665.0,1180.0,,14.1,2.02,15.26,5.66,48.06,76.41,1.24,30.52
2025-4-22,007070,GS리테일,11587,13960,116269.0,2391.0,2391.0,120697.0,2756.0,,7.73,0.29,4.22,3.81,15.27,1481.63,3.58,2000.0
2025-4-22,020150,롯데에너지머티리얼즈,11572,21900,9023.0,-644.0,-644.0,9540.0,-106.0,,-277.22,0.79,-0.29,5.73,-83.54,-119.1,,
2025-4-22,011210,현대위아,11462,42050,81809.0,2188.0,2188.0,84320.0,2278.0,,8.21,0.3,3.83,3.07,4.11,2.32,2.62,24.84
2025-4-22,267270,HD현대건설기계,11407,64700,34381.0,1904.0,1904.0,35807.0,1949.0,,9.41,0.64,7.21,4.15,2.36,41.28,0.77,9.48
2025-4-22,034230,파라다이스,11186,12400,10721.0,1361.0,1361.0,11576.0,1618.0,,14.99,0.69,4.67,7.98,18.88,-6.32,1.21,18.23
2025-4-22,071970,HD현대마린엔진,11143,33250,3158.0,332.0,332.0,4241.0,517.0,,27.28,3.06,12.2,34.29,55.72,-45.51,,
2025-4-22,280360,롯데웰푸드,10878,116600,40443.0,1571.0,1571.0,42062.0,1822.0,,11.03,0.5,4.6,4.0,15.98,20.49,2.83,36.79
2025-4-22,185750,종근당,10848,79100,15864.0,995.0,995.0,16702.0,999.0,,12.91,1.07,9.12,5.28,0.4,-23.79,1.32,13.26
2025-4-22,001800,오리온홀딩스,10468,17030,31952.0,5062.0,5062.0,34334.0,5774.0,,6.88,0.43,6.39,7.45,14.07,-3.65,4.7,31.2
2025-4-22,089860,롯데렌탈,10384,29000,27924.0,2848.0,2848.0,30034.0,3245.0,,7.44,0.68,9.32,7.56,13.94,33.59,4.14,41.14
2025-4-22,009450,경동나비엔,9906,70200,13539.0,1326.0,1326.0,15868.0,1585.0,,7.6,1.24,17.7,17.2,19.53,8.13,0.93,7.62
2025-4-22,001120,LX인터내셔널,9903,25600,166376.0,4892.0,4892.0,166963.0,4179.0,,4.42,0.36,8.38,0.35,-14.57,14.1,7.81,44.12
2025-4-22,005300,롯데칠성,9872,106500,40245.0,1849.0,1849.0,41998.0,2219.0,,8.57,0.67,8.09,4.36,20.01,112.33,3.19,57.84
2025-4-22,229640,LS에코에너지,9600,30650,8690.0,448.0,448.0,9763.0,559.0,,27.12,4.52,17.78,12.35,24.78,7.65,0.65,19.61
2025-4-22,017960,한국카본,9540,18830,7417.0,454.0,454.0,8392.0,887.0,,15.04,1.74,12.91,13.15,95.37,195.57,0.69,33.25
2025-4-22,003030,세아제강지주,9463,236500,36751.0,2116.0,2116.0,38190.0,2740.0,,7.65,0.46,6.21,3.92,29.49,70.94,0.76,17.41
2025-4-22,005180,빙그레,9338,95500,14630.0,1313.0,1313.0,15385.0,1422.0,,8.36,1.14,14.76,5.16,8.3,8.91,3.46,31.49
2025-4-22,336260,두산퓨얼셀,9280,14220,4118.0,-17.0,-17.0,5510.0,54.0,,-192.16,2.36,-1.21,33.8,-417.65,-42.86,,
2025-4-22,004490,세방전지,9268,66800,20595.0,1797.0,1797.0,23808.0,2646.0,,4.19,0.54,14.02,15.6,47.25,44.98,1.65,9.09
2025-4-22,009240,한샘,9201,39700,19084.0,312.0,312.0,19398.0,413.0,,27.49,1.49,9.59,1.65,32.37,-77.5,21.49,132.82
2025-4-22,001740,SK네트웍스,9105,4150,76573.0,1139.0,1139.0,77752.0,1393.0,,14.51,0.42,3.08,1.54,22.3,37.37,7.23,140.19
2025-4-22,298020,효성티앤씨,9001,211000,77761.0,2707.0,2707.0,81739.0,3037.0,,6.35,0.6,9.69,5.12,12.19,1.31,4.74,32.17
2025-4-22,192400,쿠쿠홀딩스,8712,24300,8338.0,1032.0,1032.0,8950.0,1080.0,,6.0,0.65,11.63,7.34,4.65,5.11,4.94,31.08
2025-4-22,003540,대신증권,8677,17290,5983.0,836.0,836.0,7065.0,2110.0,,6.39,0.43,7.32,18.08,152.39,73.02,6.94,74.63
2025-4-22,077970,STX엔진,8671,22100,7246.0,422.0,422.0,7826.0,464.0,,34.1,2.66,8.53,8.0,9.95,-4.41,,
2025-4-22,004000,롯데정밀화학,8578,33500,16705.0,504.0,504.0,18122.0,951.0,,7.55,0.35,4.76,8.48,88.69,218.68,4.18,99.29
2025-4-22,484870,엠앤씨솔루션,8430,96700,2828.0,348.0,348.0,3998.0,526.0,,20.35,3.94,22.29,41.37,51.15,61.85,1.53,44.05
2025-4-22,004800,효성,8328,49900,22728.0,2211.0,2211.0,22913.0,1530.0,,10.06,0.34,3.63,0.81,-30.8,-80.03,6.01,12.46
2025-4-22,248070,솔루엠,8326,16330,15944.0,691.0,691.0,18297.0,1212.0,,8.84,1.43,19.08,14.76,75.4,137.4,,
2025-4-22,145720,덴티움,8268,74400,4078.0,985.0,985.0,4391.0,1136.0,,9.8,1.29,14.29,7.68,15.33,15.88,0.81,9.13
2025-4-22,000500,가온전선,8155,49500,17271.0,450.0,450.0,25190.0,834.0,,14.78,2.0,12.39,45.85,85.33,110.63,,
2025-4-22,001680,대상,8142,23750,42551.0,1769.0,1769.0,44323.0,2041.0,,7.28,0.56,8.0,4.16,15.38,24.41,3.58,32.16
2025-4-22,108320,LX세미콘,8132,50500,18656.0,1671.0,1671.0,19063.0,1870.0,,5.67,0.7,12.87,2.18,11.91,10.96,4.75,29.91
2025-4-22,120110,코오롱인더,8131,29800,48430.0,1587.0,1587.0,50856.0,2113.0,,8.28,0.27,3.13,5.01,33.14,13.65,4.36,39.93
2025-4-22,100090,SK오션플랜트,8115,14050,6626.0,418.0,418.0,10672.0,646.0,,20.66,1.12,5.54,61.06,54.55,142.6,,
2025-4-22,039130,하나투어,8067,50400,6166.0,509.0,509.0,7122.0,655.0,,13.35,3.96,35.12,15.5,28.68,-28.15,4.56,45.28
2025-4-22,005440,현대지에프홀딩스,8060,5210,74093.0,1981.0,1981.0,86395.0,3230.0,,3.05,0.23,7.69,16.6,63.05,-56.87,4.03,4.68
2025-4-22,298050,HS효성첨단소재,7889,176100,33112.0,2197.0,2197.0,34733.0,2332.0,,9.84,0.87,8.22,4.9,6.14,36.96,3.69,58.43
2025-4-22,003850,보령,7472,8550,10171.0,705.0,705.0,11432.0,869.0,,12.48,1.07,8.16,12.4,23.26,-15.37,1.17,10.2
2025-4-22,114090,GKL,7465,12070,3964.0,383.0,383.0,4358.0,577.0,,15.2,1.7,11.5,9.94,50.65,43.2,2.34,52.81
2025-4-22,079160,CJ CGV,7451,4435,19579.0,759.0,759.0,24187.0,1265.0,,-316.79,1.04,-0.33,23.54,66.67,-100.06,,
2025-4-22,032350,롯데관광개발,7444,9800,4715.0,390.0,390.0,5642.0,873.0,,-34.51,1.99,-6.26,19.66,123.85,-81.39,,
2025-4-22,049770,동원F&B,7216,38100,44836.0,1835.0,1835.0,46042.0,1902.0,,5.7,0.62,11.37,2.69,3.65,0.94,2.1,12.08
2025-4-22,181710,NHN,7209,21700,24561.0,-326.0,-326.0,26647.0,1154.0,,12.82,0.47,3.87,8.49,-453.99,-130.32,2.3,-12.81
2025-4-22,030190,NICE평가정보,7170,12640,5350.0,868.0,868.0,5715.0,945.0,,9.71,1.58,17.65,6.82,8.87,1.97,3.64,36.31
2025-4-22,353200,대덕전자,7125,14250,8921.0,113.0,113.0,9573.0,351.0,,18.36,0.81,4.48,7.31,210.62,68.07,2.81,86.77
2025-4-22,064960,SNT모티브,7099,27600,9689.0,981.0,981.0,10391.0,1103.0,,7.23,0.61,9.78,7.25,12.44,-2.78,3.4,23.88
2025-4-22,100840,SNT에너지,7072,36400,2943.0,222.0,222.0,4762.0,500.0,,14.99,2.08,15.35,61.81,125.23,45.09,1.37,29.85
2025-4-22,214320,이노션,7028,17700,21206.0,1557.0,1557.0,22178.0,1651.0,,6.94,0.69,10.07,4.58,6.04,2.24,6.64,46.89
2025-4-22,079900,전진건설로봇,6442,45000,1698.0,313.0,313.0,1846.0,396.0,,19.06,4.11,22.2,8.72,26.52,9.87,2.84,61.87
2025-4-22,069260,TKG휴켐스,6438,15860,11882.0,808.0,808.0,14132.0,891.0,,7.81,0.67,9.27,18.94,10.27,7.1,6.31,52.63
2025-4-22,025540,한국단자,6436,61700,15098.0,1713.0,1713.0,16178.0,1794.0,,4.45,0.53,12.66,7.15,4.73,1.26,3.57,16.11
2025-4-22,000640,동아쏘시오홀딩스,6366,96900,13332.0,821.0,821.0,14812.0,1002.0,,7.64,0.56,7.63,11.1,22.05,42.71,1.7,18.59
2025-4-22,000210,DL,6349,30650,56154.0,4125.0,4125.0,56376.0,3515.0,,11.25,0.17,1.51,0.4,-14.79,-18.78,3.26,25.34
2025-4-22,001430,세아베스틸지주,6082,17130,36361.0,523.0,523.0,36043.0,1143.0,,8.35,0.31,3.76,-0.87,118.55,263.55,7.01,212.77
2025-4-22,005690,파미셀,6013,10020,649.0,47.0,47.0,1339.0,348.0,,17.96,4.97,32.3,106.32,640.43,439.68,0.2,19.05
2025-4-22,071320,지역난방공사,5870,50900,35703.0,3279.0,3279.0,36565.0,3474.0,,2.83,0.24,8.79,2.41,5.95,-0.81,7.62,21.37
2025-4-22,017810,풀무원,5862,15730,32137.0,918.0,918.0,34171.0,1125.0,,11.65,1.78,16.38,6.33,22.55,45.93,0.65,10.98
2025-4-22,057050,현대홈쇼핑,5838,48350,38535.0,1301.0,1301.0,38292.0,1563.0,,4.46,0.24,5.78,-0.63,20.14,-18.48,5.79,21.31
2025-4-22,016380,KG스틸,5630,5650,33010.0,2060.0,2060.0,34573.0,2217.0,,3.11,0.27,8.93,4.73,7.62,34.11,4.42,18.75
2025-4-22,336370,솔루스첨단소재,5371,7550,5709.0,-544.0,-544.0,6905.0,-168.0,,-52.07,0.97,-1.78,20.95,-69.12,7.03,0.13,23.81
2025-4-22,014830,유니드,5346,80700,11116.0,954.0,954.0,13065.0,1174.0,,5.99,0.5,8.68,17.53,23.06,19.69,2.23,15.98
2025-4-22,010780,아이에스동서,5340,17700,15146.0,1697.0,1697.0,11764.0,1243.0,,16.92,0.4,2.34,-22.33,-26.75,-120.54,5.65,-20.37
2025-4-22,005610,SPC삼립,5332,63000,34279.0,950.0,950.0,36170.0,1080.0,,8.07,0.95,13.45,5.52,13.68,-22.08,2.86,17.96
2025-4-22,089590,제주항공,5265,6540,19358.0,799.0,799.0,19236.0,857.0,,6.72,1.29,21.49,-0.63,7.26,261.75,,
2025-4-22,002710,TCC스틸,5229,19750,5821.0,123.0,123.0,5845.0,156.0,,38.35,1.92,5.15,0.41,26.83,-30.69,0.51,13.0
2025-4-22,306200,세아제강,5190,184200,18094.0,2029.0,2029.0,18796.0,1851.0,,3.64,0.43,12.29,3.88,-8.77,4.67,3.8,14.49
2025-4-22,453340,현대그린푸드,5165,15580,22704.0,967.0,967.0,23917.0,1111.0,,5.54,0.71,13.44,5.34,14.89,19.87,2.15,15.33
2025-4-22,036530,SNT홀딩스,5094,31400,18205.0,2312.0,2312.0,19800.0,2190.0,,3.85,0.37,10.3,8.76,-5.28,-9.94,5.1,18.25
2025-4-22,002350,넥센타이어,5020,5180,28479.0,1721.0,1721.0,30496.0,2049.0,,4.15,0.28,6.83,7.08,19.06,3.39,2.51,10.72
2025-4-22,005880,대한해운,4969,1552,17472.0,3286.0,3286.0,14324.0,2588.0,,3.36,0.24,7.21,-18.02,-21.24,9.89,,
2025-4-22,383800,LX홀딩스,4828,6400,1945.0,1560.0,1560.0,2320.0,1765.0,,3.02,0.26,8.65,19.28,13.14,2.93,4.53,14.06
2025-4-22,475150,SK이터닉스,4826,14850,3322.0,376.0,376.0,3696.0,476.0,,17.83,1.9,11.12,11.26,26.6,25.45,,
2025-4-22,403550,쏘카,4758,14600,4318.0,-98.0,-98.0,5277.0,158.0,,-71.22,2.67,-3.71,22.21,-261.22,-79.35,,
2025-4-22,075580,세진중공업,4673,8370,3524.0,360.0,360.0,4358.0,483.0,,15.82,2.25,15.07,23.67,34.17,49.09,2.39,100.0
2025-4-22,241590,화승엔터프라이즈,4483,7350,16096.0,826.0,826.0,19021.0,1173.0,,5.3,0.73,14.76,18.17,42.01,147.38,0.61,8.24
2025-4-22,091810,티웨이항공,4447,2075,15368.0,-123.0,-123.0,17344.0,500.0,,18.53,3.22,22.0,12.86,-506.5,-136.72,,
2025-4-22,090460,비에이치,4273,12310,17544.0,871.0,871.0,17998.0,1038.0,,4.6,0.49,12.23,2.59,19.17,19.85,2.03,12.85
2025-4-22,093050,LF,4236,14570,19563.0,1261.0,1261.0,19800.0,1179.0,,5.3,0.25,4.98,1.21,-6.5,0.11,4.8,27.12
2025-4-22,105630,한세실업,4224,10590,17978.0,1422.0,1422.0,19149.0,1520.0,,4.31,0.53,13.2,6.51,6.89,68.32,4.72,34.46
2025-4-22,170900,동아에스티,4199,44550,6979.0,-250.0,-250.0,7200.0,-110.0,,-59.56,0.82,-1.2,3.17,-56.0,-52.59,1.54,-523.66
2025-4-22,017940,E1,4150,60900,111924.0,2176.0,2176.0,136967.0,2455.0,,3.86,0.23,6.33,22.38,12.82,73.78,5.67,37.65
2025-4-22,097520,엠씨넥스,4125,23000,10571.0,444.0,444.0,12294.0,584.0,,7.83,0.94,13.37,16.3,31.53,-16.82,3.48,22.61
2025-4-22,195870,해성디에스,4105,23800,6030.0,569.0,569.0,6345.0,624.0,,7.14,0.67,9.8,5.22,9.67,-3.41,3.36,23.17
2025-4-22,009900,명신산업,4076,7720,15738.0,1481.0,1481.0,15552.0,1119.0,,4.2,0.51,12.99,-1.18,-24.44,-25.33,1.94,6.1
2025-4-22,183190,아세아시멘트,3966,10740,11103.0,1408.0,1408.0,10710.0,1410.0,,4.79,0.33,7.32,-3.54,0.14,4.87,2.42,12.31
2025-4-22,003160,디아이,3879,13620,2140.0,31.0,31.0,4175.0,527.0,,8.87,1.92,25.01,95.09,1600.0,1560.71,0.73,256.41
2025-4-22,084010,대한제강,3807,16450,12245.0,103.0,103.0,12230.0,305.0,,8.56,0.42,5.62,-0.12,196.12,20.0,3.04,31.19
2025-4-22,018250,애경산업,3649,13910,6791.0,468.0,468.0,7096.0,494.0,,9.23,0.8,9.53,4.49,5.56,-6.35,4.17,35.98
2025-4-22,034120,SBS,3444,18390,10467.0,-192.0,-192.0,9865.0,312.0,,12.28,0.37,3.04,-5.75,-262.5,-8.58,,
2025-4-22,020000,한섬,3444,15250,14853.0,635.0,635.0,15101.0,770.0,,5.98,0.23,4.01,1.67,21.26,30.72,4.92,39.6
2025-4-22,060980,HL홀딩스,3371,36000,13711.0,904.0,904.0,13511.0,967.0,,7.65,0.32,4.25,-1.46,6.97,122.22,5.56,102.2
2025-4-22,031430,신세계인터내셔날,3343,9430,13086.0,268.0,268.0,13599.0,445.0,,7.66,0.37,5.03,3.92,66.04,34.25,4.24,43.96
2025-4-22,005090,SGC에너지,3270,23100,23550.0,1896.0,1896.0,25948.0,1900.0,,4.7,0.42,9.11,10.18,0.21,110.31,7.36,37.68
2025-4-22,003220,대원제약,3003,13410,5982.0,282.0,282.0,6673.0,415.0,,9.12,0.99,11.69,11.55,47.16,266.67,2.24,47.32
2025-4-22,035150,백산,2983,14070,4970.0,765.0,765.0,5333.0,800.0,,4.64,0.98,23.43,7.3,4.58,5.68,2.49,12.69
2025-4-22,322000,HD현대에너지솔루션,2956,26800,4224.0,35.0,35.0,5183.0,227.0,,18.53,0.79,4.32,22.7,548.57,15900.0,,
2025-4-22,004980,성신양회,2949,14320,11626.0,532.0,532.0,10940.0,400.0,,17.21,0.61,3.62,-5.9,-24.81,-53.74,2.44,19.55
2025-4-22,123890,한국자산신탁,2790,2300,2264.0,518.0,518.0,2020.0,580.0,,6.89,0.26,3.87,-10.78,11.97,9.63,4.35,33.11
2025-4-22,011760,현대코퍼레이션,2784,21000,69957.0,1335.0,1335.0,72524.0,1377.0,,2.56,0.33,14.85,3.67,3.15,-10.25,3.33,7.65
2025-4-22,002320,한진,2756,18400,30155.0,1001.0,1001.0,31365.0,1375.0,,5.5,0.19,3.59,4.01,37.36,-7100.0,3.26,-209.79
2025-4-22,339770,교촌에프앤비,2728,5440,4808.0,154.0,154.0,5204.0,515.0,,7.53,1.29,18.56,8.24,234.42,4337.5,1.84,232.56
2025-4-22,286940,롯데이노베이트,2673,17740,11804.0,257.0,257.0,12744.0,437.0,,9.45,0.63,6.71,7.96,70.04,266.67,3.95,82.84
2025-4-22,010690,화신,2653,7550,17123.0,653.0,653.0,19503.0,925.0,,4.02,0.45,11.93,13.9,41.65,24.44,1.99,9.78
2025-4-22,001820,삼화콘덴서,2593,24550,2954.0,178.0,178.0,2969.0,242.0,,11.57,0.9,8.04,0.51,35.96,0.0,2.04,23.81
2025-4-22,108670,LX하우시스,2578,28900,35720.0,975.0,975.0,35300.0,975.0,,5.48,0.32,5.94,-1.18,0.0,19.19,3.46,22.57
2025-4-22,034830,한국토지신탁,2542,1008,2363.0,339.0,339.0,2250.0,460.0,,12.14,0.25,2.19,-4.78,35.69,-211.11,6.94,-107.69
2025-4-22,033240,자화전자,2479,11190,6811.0,450.0,450.0,7284.0,492.0,,7.49,0.57,8.02,6.94,9.33,98.8,,
2025-4-22,007810,코리아써키트,2345,9940,14070.0,-332.0,-332.0,14796.0,671.0,,6.26,0.74,11.65,5.16,-302.11,-142.09,,
2025-4-22,001630,종근당홀딩스,2269,45200,9578.0,355.0,355.0,10349.0,429.0,,10.29,0.37,3.7,8.05,20.85,-23.08,3.1,20.88
2025-4-22,016580,환인제약,2191,11660,2596.0,215.0,215.0,2683.0,235.0,,9.15,0.54,6.15,3.35,9.3,1.28,2.57,23.87
2025-4-22,138490,코오롱ENP,2185,6580,4862.0,398.0,398.0,5082.0,432.0,,7.71,0.77,9.99,4.52,8.54,-17.97,3.04,19.25
2025-4-22,058430,포스코스틸리온,2175,36300,12099.0,519.0,519.0,12090.0,520.0,,5.44,0.52,9.94,-0.07,0.19,16.15,5.95,37.83
2025-4-22,053210,스카이라이프,2072,4345,10229.0,-11.0,-11.0,10387.0,183.0,,17.31,0.36,2.13,1.54,-1763.64,-107.5,8.06,-12.24
2025-4-22,070960,모나용평,2048,4230,2678.0,270.0,270.0,2850.0,350.0,,9.84,0.49,5.15,6.42,29.63,162.03,,
2025-4-22,005680,삼영전자,2042,10250,1630.0,73.0,73.0,1690.0,96.0,,13.4,0.37,2.86,3.68,31.51,37.84,2.93,54.05
2025-4-22,213500,한솔제지,1961,8300,22158.0,220.0,220.0,22820.0,1066.0,,2.92,0.31,10.18,2.99,384.55,-322.37,6.02,-39.15
2025-4-22,019680,대교,1888,2230,6635.0,-16.0,-16.0,6715.0,41.0,,247.78,0.54,0.29,1.21,-356.25,-77.5,0.0,0.0
2025-4-22,095720,웅진씽크빅,1863,1594,8672.0,92.0,92.0,8859.0,151.0,,24.52,0.59,2.55,2.16,64.13,-137.69,5.65,-53.57
2025-4-22,037560,LG헬로비전,1792,2325,11964.0,135.0,135.0,12160.0,348.0,,7.99,0.38,4.88,1.64,157.78,-121.19,,
2025-4-22,234080,JW생명과학,1782,11240,2225.0,359.0,359.0,2435.0,396.0,,6.16,0.83,14.15,9.44,10.31,-34.32,4.45,18.0
2025-4-22,053690,한미글로벌,1753,16160,4248.0,339.0,339.0,4571.0,357.0,,8.43,0.74,9.82,7.6,5.31,0.87,2.48,21.88
2025-4-22,095570,AJ네트웍스,1656,3700,10142.0,728.0,728.0,10596.0,879.0,,5.39,0.4,7.2,4.48,20.74,43.98,7.3,56.13
2025-4-22,036420,콘텐트리중앙,1627,8360,8795.0,-474.0,-474.0,10183.0,92.0,,-8.05,3.1,-25.87,15.78,-119.41,-70.62,,
2025-4-22,210980,SK디앤디,1573,8530,8709.0,537.0,537.0,4759.0,1383.0,,1.53,0.19,14.87,-45.36,157.54,134.16,7.03,26.57
2025-4-22,031440,신세계푸드,1181,31400,15348.0,208.0,208.0,15646.0,359.0,,5.53,0.39,7.29,1.94,72.6,96.43,2.87,31.12
2025-4-22,017370,우신시스템,1161,6300,5636.0,361.0,361.0,5024.0,322.0,,4.39,0.75,19.28,-10.86,-10.8,-22.71,0.79,2.7
2025-4-22,002990,금호건설,1071,2905,19142.0,-1818.0,-1818.0,19550.0,350.0,,4.92,0.41,9.16,2.13,-119.25,-109.63,,
2025-4-22,194370,제이에스코퍼레이션,1067,7600,11175.0,1213.0,1213.0,13514.0,1481.0,,2.92,0.4,14.46,20.93,22.09,-18.3,6.58,14.07
2025-4-22,372910,한컴라이프케어,864,3145,1048.0,75.0,75.0,1159.0,101.0,,11.78,0.62,5.37,10.59,34.67,2.74,,
2025-4-22,481850,신한글로벌액티브리츠,681,1568,33.0,23.0,23.0,17.0,-0.0,-0.0,-5.41,0.55,-38.74,-48.48,-100.0,20.83,8.1,-115.45
2025-4-22,196170,알테오젠,207410,386000,1029.0,254.0,254.0,2207.0,1104.0,,828.33,69.18,8.74,114.48,334.65,-52.22,,
2025-4-22,247540,에코프로비엠,93400,94800,27668.0,-341.0,-341.0,32199.0,798.0,,3792.0,6.61,0.16,16.38,-334.02,-122.22,,
2025-4-22,145020,휴젤,43988,356500,3730.0,1662.0,1662.0,4544.0,2214.0,,25.5,3.38,19.54,21.82,33.21,29.07,,
2025-4-22,214150,클래시스,41203,62800,2429.0,1224.0,1224.0,3492.0,1733.0,,28.78,7.85,29.24,43.76,41.58,46.46,0.41,16.94
2025-4-22,141080,리가켐바이오,39173,112600,1259.0,-209.0,-209.0,1505.0,-370.0,,-257.67,6.6,-2.63,19.54,77.03,-305.13,,
2025-4-22,214450,파마리서치,37729,355500,3501.0,1261.0,1261.0,4487.0,1704.0,,29.47,6.23,23.46,28.16,35.13,57.03,0.31,12.83
2025-4-22,298380,에이비엘바이오,30960,66700,334.0,-594.0,-594.0,1422.0,442.0,,78.66,16.46,23.76,325.75,-174.41,-182.88,,
2025-4-22,041510,에스엠,25870,114500,9897.0,873.0,873.0,11352.0,1385.0,,26.05,3.25,14.09,14.7,58.65,12725.0,0.35,51.41
2025-4-22,035900,JYP Ent.,22172,62900,6018.0,1283.0,1283.0,7197.0,1463.0,,16.99,3.71,24.62,19.59,14.03,33.88,0.85,19.41
2025-4-22,263750,펄어비스,21715,33800,3424.0,-123.0,-123.0,5558.0,1190.0,,17.73,2.28,14.19,62.32,-1067.48,102.99,,
2025-4-22,310210,보로노이,21275,114300,,-363.0,-363.0,171.0,-240.0,,-72.48,80.27,-62.76,,-33.88,-11.04,,
2025-4-22,257720,실리콘투,20186,32800,6915.0,1376.0,1376.0,8883.0,1713.0,,15.16,5.3,41.91,28.46,24.49,18.89,,
2025-4-22,036930,주성엔지니어링,17087,35350,4094.0,972.0,972.0,4287.0,1213.0,,15.34,2.25,17.31,4.71,24.79,2.06,0.81,12.84
2025-4-22,328130,루닛,15454,54300,542.0,-677.0,-677.0,797.0,-584.0,,-23.92,8.41,-37.39,47.05,-13.74,-20.15,,
2025-4-22,237690,에스티팜,15235,75800,2738.0,277.0,277.0,3288.0,451.0,,38.34,3.1,8.0,20.09,62.82,17.54,0.66,29.04
2025-4-22,039030,이오테크닉스,14413,114700,3209.0,312.0,312.0,3980.0,630.0,,19.36,2.11,11.68,24.03,101.92,68.62,0.44,14.38
2025-4-22,140860,파크시스템스,14259,203500,1751.0,385.0,385.0,2133.0,548.0,,27.95,6.08,24.25,21.82,42.34,19.16,0.25,8.15
2025-4-22,042000,카페24,14066,57800,3025.0,319.0,319.0,3374.0,480.0,,36.03,5.44,16.54,11.54,50.47,65.53,,
2025-4-22,357780,솔브레인,13666,177000,8634.0,1679.0,1679.0,8490.0,1635.0,,10.01,1.19,12.77,-1.67,-2.62,15.72,1.3,15.11
2025-4-22,214370,케어젠,13482,25500,826.0,343.0,343.0,1032.0,514.0,,31.21,4.4,18.99,24.94,49.85,35.91,2.51,106.31
2025-4-22,096530,씨젠,13239,25550,4143.0,-165.0,-165.0,4870.0,470.0,,27.8,1.13,4.88,17.55,-384.85,-336.45,3.13,-205.66
2025-4-22,018290,브이티,13030,37200,4317.0,1109.0,1109.0,4946.0,1353.0,,13.46,4.28,36.7,14.57,22.0,11.54,,
2025-4-22,253450,스튜디오드래곤,12970,43450,5501.0,364.0,364.0,6464.0,526.0,,30.11,1.67,5.7,17.51,44.51,30.15,,
2025-4-22,078600,대주전자재료,12492,78800,2193.0,294.0,294.0,2757.0,393.0,,42.94,4.65,11.89,25.72,33.67,-23.08,0.13,4.2
2025-4-22,035760,CJ ENM,12126,56100,52314.0,1045.0,1045.0,53863.0,1937.0,,121.17,0.41,0.37,2.96,85.36,-101.46,,
2025-4-22,122870,와이지엔터테인먼트,11962,64300,3649.0,-186.0,-206.0,5580.0,550.0,,23.57,2.27,10.14,52.92,-395.7,187.5,0.39,25.23
2025-4-22,086900,메디톡스,11874,163500,2286.0,203.0,203.0,2625.0,447.0,,32.76,2.09,8.0,14.83,120.2,131.06,0.67,50.21
2025-4-22,089030,테크윙,11616,30550,1855.0,234.0,234.0,4371.0,1085.0,,15.37,3.93,31.8,135.63,363.68,-440.91,0.43,-23.26
2025-4-22,039200,오스코텍,11608,30800,340.0,-27.0,-27.0,570.0,160.0,,90.59,10.61,10.89,67.65,-692.59,-975.0,,
2025-4-22,293490,카카오게임즈,11145,13590,6272.0,191.0,191.0,6506.0,161.0,,-970.71,0.8,-0.09,3.73,-15.71,-97.97,,
2025-4-22,178320,서진시스템,11035,19450,12138.0,1087.0,1087.0,17255.0,1774.0,,8.0,1.48,17.0,42.16,63.2,60.43,,
2025-4-22,240810,원익IPS,10945,21950,7482.0,106.0,106.0,8986.0,743.0,,17.03,1.13,6.9,20.1,600.94,205.8,0.23,11.82
2025-4-22,095340,ISC,10587,49100,1745.0,448.0,448.0,2144.0,604.0,,17.37,1.78,11.01,22.87,34.82,9.65,1.65,31.41
2025-4-22,376300,디어유,9827,42850,749.0,254.0,254.0,926.0,409.0,,27.4,4.52,17.63,23.63,61.02,52.05,0.5,20.93
2025-4-22,160190,하이젠알앤엠,9776,32900,759.0,-4.0,-4.0,909.0,45.0,,378.16,16.14,4.63,19.76,-1225.0,-372.73,,
2025-4-22,112040,위메이드,9726,28550,7119.0,71.0,71.0,7393.0,877.0,,11.89,2.11,18.54,3.85,1135.21,-53.8,,
2025-4-22,137400,피엔티,9509,39950,10351.0,1632.0,1632.0,13043.0,1749.0,,7.24,1.43,21.34,26.01,7.17,-0.35,0.25,1.81
2025-4-22,067160,SOOP,9264,81100,4132.0,1135.0,1135.0,4764.0,1279.0,,8.78,1.81,25.19,15.3,12.69,4.88,1.85,17.04
2025-4-22,098460,고영,9055,13340,2025.0,33.0,33.0,2491.0,332.0,,20.43,2.6,14.01,23.01,906.06,113.33,1.05,45.75
2025-4-22,281740,레이크머티리얼즈,8906,13490,1387.0,222.0,222.0,1706.0,336.0,,32.04,5.71,19.37,23.0,51.35,34.29,0.37,15.77
2025-4-22,225570,넥슨게임즈,8370,12750,2561.0,387.0,387.0,2154.0,-20.0,,-510.0,2.5,-0.54,-15.89,-105.17,-105.41,,
2025-4-22,084370,유진테크,7642,32950,3381.0,612.0,612.0,4581.0,877.0,,10.03,1.58,17.26,35.49,43.3,18.35,0.7,8.33
2025-4-22,031980,피에스케이홀딩스,7471,34350,2155.0,885.0,885.0,2342.0,950.0,,7.05,1.49,22.68,8.68,7.34,9.71,2.04,15.75
2025-4-22,067310,하나마이크론,7462,11060,12507.0,1068.0,1068.0,15328.0,1467.0,,19.82,1.61,9.71,22.56,37.36,-602.68,0.63,-18.52
2025-4-22,056190,에스에프에이,7451,20650,20454.0,-484.0,-484.0,19905.0,1891.0,,7.8,0.62,9.82,-2.68,-490.7,-492.52,1.31,-13.35
2025-4-22,014620,성광벤드,7428,26950,2277.0,420.0,420.0,2760.0,599.0,,13.61,1.26,10.11,21.21,42.62,29.27,0.74,13.91
2025-4-22,336570,원텍,7290,8240,1153.0,348.0,348.0,1397.0,473.0,,19.34,4.57,26.47,21.16,35.92,30.58,0.61,15.29
2025-4-22,033500,동성화인텍,7257,25450,5974.0,540.0,540.0,6982.0,701.0,,13.9,3.0,24.46,16.87,29.81,37.15,1.38,26.68
2025-4-22,213420,덕산네오룩스,7089,28650,2123.0,525.0,525.0,2955.0,717.0,,11.19,1.5,14.75,39.19,36.57,38.86,,
2025-4-22,086450,동국제약,6871,15320,8122.0,804.0,804.0,8905.0,911.0,,9.36,1.04,11.68,9.64,13.31,21.99,1.31,14.78
2025-4-22,251970,펌텍코리아,6782,54600,3375.0,484.0,484.0,3822.0,561.0,,17.07,2.24,13.99,13.24,15.91,19.32,0.77,15.93
2025-4-22,083650,비에이치아이,6683,21800,4047.0,219.0,219.0,6201.0,383.0,,27.81,5.04,19.39,53.22,74.89,23.47,,
2025-4-22,121600,나노신소재,6476,53300,878.0,30.0,30.0,1099.0,49.0,,650.0,2.38,0.39,25.17,63.33,-152.63,0.47,-165.56
2025-4-22,183300,코미코,6475,61200,5071.0,1125.0,1125.0,5747.0,1238.0,,10.5,1.93,20.77,13.33,10.04,9.34,1.63,18.73
2025-4-22,058970,엠로,6398,52700,795.0,86.0,86.0,940.0,88.0,,90.09,6.79,7.82,18.24,2.33,-61.29,,
2025-4-22,003380,하림지주,6395,5740,122730.0,7655.0,7655.0,125200.0,7740.0,,15.31,0.21,1.36,2.01,1.11,-3.32,2.09,51.06
2025-4-22,348210,넥스틴,5992,55600,1137.0,470.0,470.0,1351.0,546.0,,13.07,2.84,25.26,18.82,16.17,16.93,0.9,13.48
2025-4-22,340570,티앤엘,5762,69400,1749.0,570.0,570.0,2223.0,762.0,,8.6,2.42,32.6,27.1,33.68,41.38,1.08,13.13
2025-4-22,082920,비츠로셀,5580,23550,2108.0,519.0,519.0,2373.0,628.0,,10.22,1.67,17.58,12.57,21.0,2.73,1.95,20.53
2025-4-22,023160,태광,5419,20850,2668.0,399.0,399.0,3035.0,543.0,,10.64,0.88,8.79,13.76,36.09,16.27,1.2,14.75
2025-4-22,222800,심텍,5364,16700,12314.0,-470.0,-470.0,12977.0,55.0,,-407.32,1.21,-0.29,5.38,-111.7,-96.13,0.6,-10.49
2025-4-22,166090,하나머티리얼즈,5359,26850,2516.0,434.0,434.0,2603.0,489.0,,15.27,1.28,9.11,3.46,12.67,9.43,0.93,15.57
2025-4-22,319660,피에스케이,5306,18090,3981.0,839.0,839.0,4276.0,911.0,,6.48,0.97,16.02,7.41,8.58,2.28,2.21,14.64
2025-4-22,030520,한글과컴퓨터,5283,21950,3048.0,404.0,404.0,3467.0,561.0,,12.15,1.37,11.91,13.75,38.86,222.14,1.87,71.43
2025-4-22,053030,바이넥스,5108,15830,1301.0,-308.0,-308.0,1905.0,150.0,,38.42,2.99,7.82,46.43,-148.7,-138.07,,
2025-4-22,241710,코스메카코리아,5067,47250,5243.0,604.0,604.0,5898.0,731.0,,10.17,1.95,20.8,12.49,21.03,5.96,0.21,2.5
2025-4-22,215200,메가스터디교육,5056,46850,9422.0,1236.0,1236.0,9271.0,1197.0,,5.99,0.83,16.67,-1.6,-3.16,76.89,3.2,37.58
2025-4-22,095660,네오위즈,5048,23000,3668.0,329.0,329.0,3855.0,377.0,,14.47,0.87,6.87,5.1,14.59,-557.14,,
2025-4-22,131290,티에스이,5005,43800,3481.0,399.0,399.0,3733.0,521.0,,9.93,1.27,13.6,7.24,30.58,10.67,0.91,10.42
2025-4-22,078340,컴투스,4891,38350,6939.0,61.0,61.0,7945.0,448.0,,14.5,0.44,3.46,14.5,634.43,-118.75,3.39,-15.36
2025-4-22,099320,쎄트렉아이,4785,44300,1713.0,-31.0,-31.0,2044.0,105.0,,35.84,2.13,5.83,19.32,-438.71,87.1,0.43,26.32
2025-4-22,036540,SFA반도체,4769,2885,4005.0,-0.0,-0.0,4231.0,91.0,,47.3,0.99,2.06,5.64,-inf,-46.34,,
2025-4-22,108490,로보티즈,4730,35775,300.0,-30.0,-30.0,430.0,2.0,,-3252.27,4.91,-0.16,43.33,-106.67,-76.67,,
2025-4-22,099430,바이오플러스,4666,7730,664.0,237.0,237.0,1086.0,450.0,,13.83,2.71,22.94,63.55,89.87,124.57,0.65,21.46
2025-4-22,131970,두산테스나,4638,23650,3731.0,379.0,379.0,3513.0,305.0,,19.45,0.99,5.22,-5.84,-19.53,-36.14,0.68,8.41
2025-4-22,194480,데브시스터즈,4594,38800,2362.0,272.0,272.0,2417.0,300.0,,15.77,1.98,17.06,2.33,10.29,5.3,,
2025-4-22,272290,이녹스첨단소재,4500,22350,4228.0,868.0,868.0,4356.0,1013.0,,5.44,0.78,16.52,3.03,16.71,17.97,1.57,10.01
2025-4-22,074600,원익QnC,4442,16760,8915.0,906.0,906.0,9398.0,1043.0,,8.5,0.88,10.75,5.42,15.12,2.93,0.6,5.17
2025-4-22,069080,웹젠,4425,12760,2147.0,546.0,546.0,1979.0,446.0,,9.33,0.56,6.88,-7.82,-18.32,-16.9,2.35,18.42
2025-4-22,099190,아이센스,4356,15870,2911.0,27.0,27.0,3139.0,42.0,,-440.83,1.53,-0.33,7.83,55.56,-50.0,0.63,-153.85
2025-4-22,025900,동화기업,4186,8220,9180.0,167.0,167.0,9470.0,390.0,,20.76,0.45,2.24,3.16,133.53,-254.32,,
2025-4-22,189300,인텔리안테크,4143,38350,2578.0,-194.0,-194.0,3553.0,192.0,,20.93,1.39,7.16,37.82,-198.97,-786.67,0.26,-35.59
2025-4-22,095610,테스,4121,20650,2401.0,385.0,385.0,3052.0,555.0,,8.44,0.99,14.13,27.11,44.16,13.35,2.91,27.8
2025-4-22,215000,골프존,4079,64400,6200.0,958.0,958.0,6135.0,1048.0,,6.11,0.82,14.64,-1.05,9.39,51.19,6.21,50.4
2025-4-22,079370,제우스,4069,12840,4908.0,492.0,492.0,5525.0,569.0,,7.94,0.99,13.68,12.57,15.65,17.4,0.78,7.41
2025-4-22,050890,쏠리드,3995,6490,3311.0,351.0,351.0,3545.0,396.0,,11.27,1.12,10.44,7.07,12.82,-23.38,0.77,6.63
2025-4-22,093320,케이아이엔엑스,3977,78400,1389.0,237.0,237.0,1626.0,233.0,,23.19,1.87,8.42,17.06,-1.69,2.19,0.77,16.2
2025-4-22,218410,RFHIC,3922,14710,1149.0,15.0,15.0,1606.0,220.0,,19.48,1.12,6.29,39.77,1366.67,5.08,0.68,10.32
2025-4-22,091700,파트론,3910,6910,14864.0,617.0,617.0,14034.0,505.0,,9.72,0.67,7.81,-5.58,-18.15,-22.36,4.34,33.04
2025-4-22,445090,에이직랜드,3908,33000,941.0,-170.0,-170.0,1260.0,45.0,,138.08,3.82,2.92,33.9,-126.47,-118.57,,
2025-4-22,204620,글로벌텍스프리,3907,5360,1297.0,218.0,218.0,1630.0,303.0,,22.81,3.28,14.95,25.67,38.99,153.97,,
2025-4-22,046890,서울반도체,3801,6510,10905.0,8.0,8.0,11039.0,118.0,,50.47,0.53,1.1,1.23,1375.0,-484.21,,
2025-4-22,006730,서부T&D,3771,5770,1875.0,480.0,480.0,1984.0,513.0,,4.56,0.44,8.99,5.81,6.88,114.53,1.73,19.46
2025-4-22,179900,유티아이,3725,20400,186.0,-322.0,-322.0,210.0,-265.0,,-16.78,6.27,-34.86,12.9,-17.7,0.44,,
2025-4-22,200130,콜마비앤에이치,3659,12430,6156.0,246.0,246.0,6504.0,327.0,,15.27,0.86,5.91,5.65,32.93,29.65,2.48,50.16
2025-4-22,094360,칩스앤미디어,3649,17040,271.0,53.0,53.0,309.0,79.0,,35.87,3.95,13.0,14.02,49.06,1.0,0.59,20.79
2025-4-22,171090,선익시스템,3638,37650,1129.0,79.0,79.0,3480.0,555.0,,8.05,3.73,64.82,208.24,602.53,-258.72,,
2025-4-22,114840,아이패밀리에스씨,3637,21250,2049.0,336.0,336.0,2420.0,422.0,,10.62,2.91,31.78,18.11,25.6,22.61,0.56,7.18
2025-4-22,450950,아스테라시스,3548,9850,288.0,67.0,67.0,488.0,182.0,,22.29,12.44,66.2,69.44,171.64,192.59,0.32,19.63
2025-4-22,089010,켐트로닉스,3473,22350,5752.0,373.0,373.0,6644.0,424.0,,15.95,1.7,11.08,15.51,13.67,20.09,0.89,16.27
2025-4-22,237880,클리오,3429,18530,3514.0,246.0,246.0,3843.0,343.0,,10.55,1.21,12.71,9.36,39.43,14.71,2.16,25.94
2025-4-22,278280,천보,3390,34050,1449.0,-228.0,-228.0,1698.0,20.0,,170.25,0.92,0.55,17.18,-108.77,-106.19,,
2025-4-22,352480,씨앤씨인터내셔널,3264,32150,2829.0,290.0,290.0,3085.0,334.0,,9.03,1.34,15.99,9.05,15.17,10.19,3.11,30.86
2025-4-22,032500,케이엠더블유,3193,8030,874.0,-455.0,-455.0,1255.0,-76.0,,-61.3,2.31,-3.69,43.59,-83.3,-86.53,,
2025-4-22,039440,에스티아이,3142,19520,3340.0,273.0,273.0,5042.0,595.0,,5.68,0.96,19.21,50.96,117.95,100.37,1.02,11.67
2025-4-22,041830,인바디,3114,23400,2045.0,367.0,367.0,2307.0,410.0,,8.67,0.96,12.52,12.81,11.72,11.62,1.71,16.52
2025-4-22,419530,SAMG엔터,3109,36400,1164.0,-61.0,-61.0,1406.0,176.0,,19.88,7.58,45.0,20.79,-388.52,-182.99,,
2025-4-22,060250,NHN KCP,3108,7790,11053.0,438.0,438.0,12229.0,481.0,,7.12,0.93,15.76,10.64,9.82,-2.65,1.28,8.88
2025-4-22,043150,바텍,3089,20650,3852.0,540.0,540.0,4093.0,597.0,,5.52,0.61,11.58,6.26,10.56,1.99,0.48,2.69
2025-4-22,394280,오픈엣지테크놀로지,2972,13710,153.0,-246.0,-246.0,366.0,-65.0,,-58.59,5.96,-9.85,139.22,-73.58,-78.75,,
2025-4-22,267980,매일유업,2847,36550,18114.0,703.0,703.0,18508.0,797.0,,4.85,0.42,9.76,2.18,13.37,30.55,3.42,21.57
2025-4-22,049070,인탑스,2758,16020,6147.0,38.0,38.0,5564.0,59.0,,14.43,0.39,2.87,-9.48,55.26,-11.97,1.25,15.99
2025-4-22,051500,CJ프레시웨이,2754,23750,32248.0,940.0,940.0,34737.0,1087.0,,4.52,0.72,15.41,7.72,15.64,145.62,1.89,20.6
2025-4-22,039840,디오,2737,18120,1197.0,-407.0,-407.0,1611.0,258.0,,13.03,1.07,9.58,34.59,-163.39,-150.12,,
2025-4-22,473980,노머스,2733,24900,689.0,82.0,82.0,1097.0,282.0,,11.18,3.71,30.41,59.22,243.9,152.53,,
2025-4-22,054950,제이브이엠,2659,21850,1594.0,307.0,307.0,1750.0,350.0,,8.5,1.04,14.39,9.79,14.01,7.99,2.29,20.96
2025-4-22,338220,뷰노,2658,19380,259.0,-125.0,-125.0,405.0,5.0,,184.57,9.34,4.91,56.37,-104.0,-116.15,,
2025-4-22,230360,에코마케팅,2611,8290,3572.0,470.0,470.0,3847.0,532.0,,7.49,1.02,13.98,7.7,13.19,13.54,6.03,52.91
2025-4-22,089970,브이엠,2602,10530,703.0,-86.0,-86.0,1014.0,148.0,,16.08,1.7,12.89,44.24,-272.09,-580.0,,
2025-4-22,110990,디아이티,2589,13340,1167.0,241.0,241.0,1415.0,376.0,,6.53,1.0,16.73,21.25,56.02,33.56,2.85,24.82
2025-4-22,047560,이스트소프트,2562,21350,1025.0,-135.0,-135.0,1238.0,20.0,,309.42,3.59,1.26,20.78,-114.81,-100.68,,
2025-4-22,265520,AP시스템,2553,16680,5167.0,472.0,472.0,5563.0,617.0,,4.24,0.59,15.77,7.66,30.72,16.02,3.18,15.64
2025-4-22,148150,세경하이테크,2546,7010,3203.0,315.0,315.0,3361.0,332.0,,9.67,1.32,14.21,4.93,5.4,-12.83,1.43,12.0
2025-4-22,357550,석경에이티,2536,46200,138.0,20.0,20.0,177.0,40.0,,66.28,5.81,9.24,28.26,100.0,-11.63,,
2025-4-22,051360,토비스,2471,15440,6238.0,584.0,584.0,7438.0,729.0,,4.44,0.82,20.9,19.24,24.83,-4.08,1.94,8.42
2025-4-22,393890,더블유씨피,2470,7320,3221.0,-709.0,-709.0,2343.0,-767.0,,-3.47,0.28,-7.7,-27.26,8.18,-1.25,,
2025-4-22,104830,원익머트리얼즈,2401,18910,3107.0,519.0,519.0,3384.0,600.0,,5.61,0.46,8.51,8.92,15.61,33.65,1.85,13.87
2025-4-22,053610,프로텍,2398,21550,1703.0,134.0,134.0,1764.0,258.0,,10.09,0.68,7.6,3.58,92.54,85.04,1.86,20.29
2025-4-22,114810,한솔아이원스,2396,7950,1571.0,231.0,231.0,1920.0,360.0,,7.46,1.04,15.69,22.22,55.84,-0.32,,
2025-4-22,475960,토모큐브,2389,18340,59.0,-88.0,-88.0,98.0,-61.0,,-46.91,6.59,-13.03,66.1,-30.68,-38.55,,
2025-4-22,035600,KG이니시스,2377,8660,13543.0,610.0,610.0,13206.0,980.0,,3.88,0.43,12.18,-2.49,60.66,64.65,5.77,33.83
2025-4-22,126700,하이비젼시스템,2345,15690,3120.0,310.0,310.0,3415.0,411.0,,6.7,0.71,12.63,9.46,32.58,-10.89,2.55,15.17
2025-4-22,084850,아이티엠반도체,2345,10190,6479.0,24.0,24.0,6942.0,209.0,,42.46,0.97,2.95,7.15,770.83,350.0,,
2025-4-22,100120,뷰웍스,2305,24250,2229.0,223.0,223.0,2473.0,299.0,,8.76,0.85,11.11,10.95,34.08,27.49,2.47,28.18
2025-4-22,089980,상아프론테크,2272,14360,1718.0,59.0,59.0,1901.0,67.0,,76.38,1.16,1.52,10.65,13.56,-51.61,1.39,51.95
2025-4-22,240550,동방메디컬,2264,11070,1051.0,150.0,150.0,1342.0,264.0,,11.94,2.31,21.06,27.69,76.0,551.61,,
2025-4-22,263720,디앤씨미디어,2263,17470,835.0,103.0,103.0,814.0,87.0,,22.11,2.15,10.55,-2.51,-15.53,-12.04,,
2025-4-22,294570,쿠콘,2215,22750,730.0,166.0,166.0,809.0,203.0,,13.18,1.45,11.53,10.82,22.29,12.03,0.66,9.75
2025-4-22,256940,킵스파마,2174,11630,1276.0,62.0,62.0,2285.0,190.0,,13.45,3.13,27.27,79.08,206.45,931.25,,
2025-4-22,060720,KH바텍,2168,9260,3110.0,219.0,219.0,3770.0,305.0,,7.77,0.72,10.32,21.22,39.27,32.86,3.56,36.67
2025-4-22,255220,SG,2145,2210,1189.0,-61.0,-61.0,1308.0,161.0,,23.76,1.76,9.22,10.01,-363.93,-125.41,,
2025-4-22,236200,슈프리마,2136,29700,1082.0,233.0,233.0,1202.0,271.0,,7.36,0.78,11.56,11.09,16.31,-10.77,,
2025-4-22,080160,모두투어,2090,10910,2516.0,47.0,47.0,2721.0,201.0,,10.69,1.73,24.42,8.15,327.66,101.85,2.29,43.48
2025-4-22,068930,디지털대성,2042,7390,2177.0,237.0,237.0,2617.0,350.0,,8.52,1.14,15.75,20.21,47.68,55.28,6.77,91.24
2025-4-22,054450,텔레칩스,2036,13280,1866.0,49.0,49.0,2065.0,118.0,,19.16,0.92,5.06,10.66,140.82,-143.26,0.45,-2.36
2025-4-22,083930,아바코,1999,13390,3055.0,211.0,211.0,3611.0,334.0,,6.68,0.84,13.77,18.2,58.29,17.8,3.73,28.47
2025-4-22,036890,진성티이씨,1951,8730,3905.0,244.0,244.0,4242.0,299.0,,9.35,0.71,8.01,8.63,22.54,0.0,2.29,21.46
2025-4-22,051370,인터플렉스,1931,8250,4975.0,344.0,344.0,4864.0,323.0,,6.74,0.63,9.69,-2.23,-6.1,-48.09,,
2025-4-22,441270,파인엠텍,1886,5110,3822.0,-79.0,-79.0,4281.0,226.0,,10.18,1.14,12.15,12.01,-386.08,-220.25,,
2025-4-22,122990,와이솔,1878,6760,3750.0,5.0,5.0,3820.0,120.0,,9.77,0.52,5.3,1.87,2300.0,71.82,7.4,127.23
2025-4-22,462350,이노스페이스,1870,19980,0.0,-329.0,-329.0,409.0,-221.0,,-7.53,12.41,-90.46,inf,-32.83,-16.22,,
2025-4-22,036800,나이스정보통신,1849,18570,9751.0,399.0,399.0,10211.0,434.0,,4.96,0.46,10.21,4.72,8.77,1.33,4.36,21.15
2025-4-22,356860,티엘비,1840,18280,1800.0,34.0,34.0,2084.0,162.0,,13.25,1.44,11.54,15.78,376.47,275.0,1.09,54.35
2025-4-22,322310,오로스테크놀로지,1834,19330,614.0,61.0,61.0,664.0,132.0,,15.82,2.34,16.06,8.14,116.39,94.92,,
2025-4-22,194700,노바렉스,1824,9720,2977.0,232.0,232.0,3244.0,269.0,,7.29,0.76,10.86,8.97,15.95,7.56,2.06,16.3
2025-4-22,337930,브랜드엑스코퍼레이션,1814,6150,2716.0,249.0,249.0,2909.0,349.0,,6.39,1.24,22.04,7.11,40.16,34.93,2.93,25.5
2025-4-22,036200,유니셈,1784,5780,2182.0,100.0,100.0,2520.0,230.0,,7.38,0.7,10.04,15.49,130.0,54.84,1.38,15.78
2025-4-22,122450,KX,1770,3845,4038.0,597.0,597.0,4448.0,726.0,,5.28,0.51,10.98,10.15,21.61,-59.69,4.94,10.43
2025-4-22,353810,이지바이오,1769,5440,3843.0,324.0,324.0,4545.0,413.0,,5.56,1.75,35.69,18.27,27.47,66.83,3.68,34.9
2025-4-22,063570,한국전자금융,1731,5100,3387.0,187.0,187.0,3708.0,314.0,,14.74,0.78,6.42,9.48,67.91,391.67,2.45,173.61
2025-4-22,123330,제닉,1725,21550,499.0,60.0,60.0,1213.0,305.0,,7.15,3.7,73.45,143.09,408.33,246.05,,
2025-4-22,089600,나스미디어,1684,14520,1426.0,199.0,199.0,1340.0,241.0,,7.93,0.8,10.33,-6.03,21.11,-576.09,4.82,-125.45
2025-4-22,475580,에이럭스,1664,12100,550.0,30.0,30.0,730.0,77.0,,24.35,4.1,13.95,32.73,156.67,164.29,,
2025-4-22,243840,신흥에스이씨,1656,4265,4328.0,132.0,132.0,5026.0,216.0,,32.31,0.57,1.73,16.13,63.64,-72.73,1.55,13.72
2025-4-22,108380,대양전기공업,1641,17560,1963.0,157.0,157.0,2268.0,211.0,,7.65,0.62,8.59,15.54,34.39,12.24,0.57,4.88
2025-4-22,046440,KG모빌리언스,1611,4200,2661.0,74.0,74.0,3177.0,432.0,,4.77,0.41,9.48,19.39,483.78,287.8,5.24,88.0
2025-4-22,214180,헥토이노베이션,1601,12130,3195.0,489.0,489.0,3576.0,584.0,,5.67,0.74,13.99,11.92,19.43,1.72,4.04,23.28
2025-4-22,310200,애니플러스,1584,3525,1310.0,251.0,251.0,1412.0,240.0,,11.23,1.35,12.47,7.79,-4.38,-1.67,,
2025-4-22,299030,하나기술,1557,19400,942.0,-264.0,-264.0,1386.0,103.0,,15.51,1.62,10.31,47.13,-139.02,-164.52,,
2025-4-22,126340,비나텍,1554,24200,596.0,-81.0,-81.0,718.0,19.0,,-384.13,1.65,-0.48,20.47,-123.46,-95.88,0.0,-0.0
2025-4-22,205100,엑셈,1554,2135,612.0,88.0,88.0,683.0,112.0,,15.93,1.22,7.95,11.6,27.27,-2.78,,
2025-4-22,053080,케이엔솔,1507,11570,5792.0,264.0,264.0,6817.0,421.0,,4.66,0.71,16.29,17.7,59.47,140.3,2.59,28.71
2025-4-22,451760,컨텍,1497,9870,690.0,-122.0,-122.0,983.0,20.0,,57.05,1.54,2.79,42.46,-116.39,-113.61,,
2025-4-22,263860,지니언스,1479,16560,496.0,98.0,98.0,584.0,117.0,,12.42,2.05,19.16,17.74,19.39,11.01,1.51,21.46
2025-4-22,226400,오스테오닉,1475,7280,342.0,69.0,69.0,446.0,103.0,,20.06,2.26,12.15,30.41,49.28,31.58,,
2025-4-22,297090,씨에스베어링,1450,5330,1054.0,21.0,21.0,1160.0,110.0,,18.19,1.5,8.38,10.06,423.81,220.0,,
2025-4-22,393210,토마토시스템,1428,9030,216.0,-34.0,-34.0,290.0,13.0,,94.06,5.11,5.62,34.26,-138.24,-183.33,,
2025-4-22,290550,디케이티,1428,7130,4034.0,231.0,231.0,5034.0,307.0,,4.99,0.74,15.24,24.79,32.9,6.32,,
2025-4-22,282880,코윈테크,1422,12630,2444.0,36.0,36.0,2879.0,194.0,,8.23,0.74,9.56,17.8,438.89,67.27,1.54,13.74
2025-4-22,234690,녹십자웰빙,1402,7880,1338.0,130.0,130.0,1752.0,209.0,,9.78,1.19,12.85,30.94,60.77,101.41,1.52,30.15
2025-4-22,234340,헥토파이낸셜,1330,14070,1593.0,133.0,133.0,1801.0,166.0,,8.98,0.78,10.27,13.06,24.81,61.11,2.49,34.08
2025-4-22,339950,아이비김영,1285,2980,1071.0,165.0,165.0,1152.0,188.0,,9.37,1.88,23.29,7.56,13.94,17.21,1.01,10.64
2025-4-22,048910,대원미디어,1279,10060,2564.0,16.0,16.0,3355.0,164.0,,10.29,1.12,11.94,30.85,925.0,-862.5,,
2025-4-22,382900,범한퓨얼셀,1271,14710,362.0,24.0,24.0,588.0,42.0,,-91.94,0.77,-0.86,62.43,75.0,-266.67,,
2025-4-22,064290,인텍플러스,1258,9600,839.0,-156.0,-156.0,1146.0,41.0,,27.43,2.43,9.7,36.59,-126.28,-137.82,,
2025-4-22,361390,제노코,1226,16530,568.0,-22.0,-22.0,794.0,28.0,,61.91,3.35,5.61,39.79,-227.27,-180.65,,
2025-4-22,043610,KT지니뮤직,1200,2075,3016.0,122.0,122.0,3332.0,180.0,,11.72,0.69,6.04,10.48,47.54,-200.0,,
2025-4-22,052710,아모텍,1166,8170,2294.0,-239.0,-239.0,2730.0,80.0,,14.94,0.75,5.18,19.01,-133.47,-140.4,,
2025-4-22,228670,레이,1146,7500,798.0,-443.0,-443.0,1223.0,93.0,,31.65,1.52,4.92,53.26,-120.99,-106.32,,
2025-4-22,067000,조이시티,1098,1554,1429.0,116.0,116.0,1498.0,115.0,,19.42,1.04,5.6,4.83,-0.86,-193.65,,
2025-4-22,042510,라온시큐어,1077,1923,625.0,20.0,20.0,727.0,99.0,,12.25,1.7,16.16,16.32,395.0,141.46,,
2025-4-22,146320,비씨엔씨,1068,8240,774.0,-21.0,-21.0,945.0,75.0,,21.07,1.35,6.63,22.09,-457.14,-317.39,,
2025-4-22,228850,레이언스,1068,6420,1256.0,66.0,66.0,1292.0,93.0,,10.97,0.41,3.95,2.87,40.91,28.57,1.56,21.19
2025-4-22,413640,비아이매트릭스,1059,14460,309.0,20.0,20.0,446.0,72.0,,14.08,2.79,21.75,44.34,260.0,100.0,,
2025-4-22,088340,유라클,1058,27650,476.0,20.0,20.0,533.0,51.0,,27.21,3.4,14.58,11.97,155.0,100.0,0.36,19.08
2025-4-22,084730,팅크웨어,1048,9500,4891.0,260.0,260.0,5744.0,470.0,,5.22,0.51,10.53,17.44,80.77,81.58,,
2025-4-22,110790,크리스에프앤씨,1006,4330,3313.0,121.0,121.0,3284.0,242.0,,9.58,0.32,3.26,-0.88,100.0,-142.23,4.62,-18.64
2025-4-22,040420,정상제이엘에스,901,5790,1058.0,101.0,101.0,1071.0,108.0,,10.95,0.98,9.83,1.23,6.93,9.21,9.15,109.28
2025-4-22,260930,씨티케이,828,4560,836.0,1.0,1.0,1060.0,83.0,,8.91,0.5,6.07,26.79,8200.0,-354.05,2.19,-59.17
2025-4-22,475460,미트박스,798,14970,1103.0,31.0,31.0,1459.0,54.0,,18.04,3.97,24.28,32.28,74.19,318.18,,
2025-4-22,053450,세코닉스,781,5290,4627.0,144.0,144.0,4571.0,152.0,,6.02,0.52,9.15,-1.21,5.56,29.0,0.95,7.49
2025-4-22,222040,코스맥스엔비티,752,3700,3180.0,99.0,99.0,3492.0,201.0,,7.63,1.89,20.55,9.81,103.03,-272.22,,
2025-4-22,246960,SCL사이언스,680,8050,47.0,-37.0,-37.0,268.0,7.0,,670.83,2.6,0.48,470.21,-118.92,-102.7,,
2025-4-22,288620,에스퓨얼셀,561,8260,337.0,-41.0,-41.0,398.0,14.0,,-96.05,0.86,-0.89,18.1,-134.15,-41.67,0.61,-29.41
