Code,Name,Sector,Marcap
000020,동화약품,바이오/제약/신약개발,173733743400
000040,KR모터스,자동차,26819259128
000050,경방,섬유/의류,189165363000
000070,삼양홀딩스,지주회사,533554083300
000080,하이트진로,음식료,1350773347860
000100,유한양행,바이오/제약/신약개발,9224042360000
000120,CJ대한통운,운송/항공/물류,1882018380000
000140,하이트진로홀딩스,지주회사,196329231900
000150,두산,지주회사,5097603097500
000180,성창기업지주,지주회사,95768946800
000210,DL,건설,674779464800
000220,유유제약,바이오/제약/신약개발,79541079170
000230,일동홀딩스,지주회사,72704520000
000240,한국앤컴퍼니,자동차 부품,1407889609200
000250,삼천당제약,바이오/제약/신약개발,3359109990400
000270,기아,자동차,35074726142400
000300,DH오토넥스,자동차 부품,161600154944
000320,노루홀딩스,지주회사,197373592350
000370,한화손해보험,보험,468123049150
000390,삼화페인트,건자재,162948779310
000400,롯데손해보험,보험,531295779840
000430,대원강업,자동차 부품,237150000000
000440,중앙에너비스,정유/화학/가스,83879441100
000480,CR홀딩스,지주회사,243830548000
000490,대동,조선/기계/중공업,270907718400
000500,가온전선,전력기기,904908390500
000520,삼일제약,바이오/제약/신약개발,290019513070
000540,흥국화재,보험,219709845900
000590,CS홀딩스,지주회사,85085323400
000640,동아쏘시오홀딩스,지주회사,643838749000
000650,천일고속,운송/항공/물류,55596658000
000660,SK하이닉스,IT하드웨어/반도체,134243636106000
000670,영풍,철강/비철금속,707012650000
000680,LS네트웍스,유통/소매,273840480600
000700,유수홀딩스,지주회사,145313310960
000720,현대건설,건설,4381849352750
000760,이화산업,건자재,30772000000
000810,삼성화재,보험,17078628738500
000850,화천기공,조선/기계/중공업,63580000000
000860,강남제비스코,건자재,155025000000
000880,한화,지주회사,3657986268000
000890,보해양조,음식료,67055902178
000910,유니온,건자재,82273232130
000950,전방,섬유/의류,41244000000
000970,한국주철관,철강/비철금속,167127665000
000990,DB하이텍,IT하드웨어/반도체,1864740696000
001000,신라섬유,섬유/의류,41247540460
001020,페이퍼코리아,기타,139360934079
001040,CJ,지주회사,3652960149600
001060,JW중외제약,바이오/제약/신약개발,514619053000
001070,대한방직,의류,27560000000
001080,만호제강,철강/비철금속,109975000000
001120,LX인터내셔널,유통,1015512000000
001130,대한제분,음식료,222573000000
001140,국보,운송/항공/물류,33456978680
001200,유진투자증권,증권,254274347250
001210,금호전기,전력기기,69197440228
001230,동국홀딩스,지주회사,228327467940
001250,GS글로벌,유통,216651130500
001260,남광토건,건설,81020393280
001270,부국증권,증권,283097887800
001290,상상인증권,증권,48318355520
001340,PKC,자동차 부품,328353555170
001360,삼성제약,바이오/제약/신약개발,143973818791
001380,SG글로벌,유통,88309576852
001390,KG케미칼,정유/화학/가스,275245540800
001420,태원물산,유통,28842000000
001430,세아베스틸지주,지주회사,632607779160
001440,대한전선,전력기기,2194484721000
001450,현대해상,보험,1859520000000
001460,BYC,의류,172393740000
001470,삼부토건,건설,79699592928
001500,현대차증권,증권,370998264000
001510,SK증권,증권,223062560712
001520,동양,건자재,143210437800
001530,DI동일,건자재,891651863600
001540,안국약품,바이오/제약/신약개발,87645062400
001550,조비,정유/화학/가스,62618402340
001560,제일연마,철강/비철금속,88803000000
001570,금양,이차전지 소재,633275240400
001620,케이비아이동국실업,자동차 부품,60765994926
001630,종근당홀딩스,지주회사,228700154650
001680,대상,음식료,829820198750
001720,신영증권,증권,1315200000000
001740,SK네트웍스,유통,943750252030
001750,한양증권,증권,168143934140
001770,SHD,자동차 부품,19438048000
001780,알루코,철강/비철금속,209637235780
001790,대한제당,음식료,346677281700
001800,오리온홀딩스,지주회사,1077501258400
001810,무림SP,제지,35840612500
001820,삼화콘덴서,IT하드웨어/반도체,266112000000
001840,이화공영,건설,36010355776
001940,KISCO홀딩스,지주회사,292033428000
002020,코오롱,정유/화학/가스,299877617500
002030,아세아,건자재,546044680000
002070,비비안,의류,30158939913
002100,경농,정유/화학/가스,179607690000
002140,고려산업,음식료,72324332500
002150,도화엔지니어링,건설,221540400000
002170,삼양통상,의류,142800000000
002200,한국수출포장,제지,111600000000
002210,동성제약,바이오/제약/신약개발,91353395000
002220,한일철강,철강/비철금속,52674088580
002230,피에스텍,전력기기,75360636200
002240,고려제강,철강/비철금속,464670000000
002290,삼일기업공사,건설,45012000000
002310,아세아제지,제지,288513294300
002320,한진,운송/항공/물류,284453360840
002350,넥센타이어,자동차 부품,522523141950
002360,SH에너지화학,정유/화학/가스,50899248340
002380,KCC,건자재,2212731279000
002390,한독,바이오/제약/신약개발,164336584020
002410,범양건영,건설,53173451700
002420,세기상사,유통,28572478720
002450,삼익악기,홈리빙/가구,113073112835
002460,HS화성,정유/화학/가스,101906000000
002600,조흥,섬유,97020000000
002620,제일파마홀딩스,지주회사,127627106450
002630,오리엔트바이오,바이오/제약/신약개발,178111673510
002680,한탑,음식료,24722351235
002690,동일제강,철강/비철금속,27689691040
002700,신일전자,가전제품,107636994315
002710,TCC스틸,철강/비철금속,551798321850
002720,국제약품,바이오/제약/신약개발,99874407040
002760,보락,바이오/제약/신약개발,66848400000
002780,진흥기업,건설,105612486870
002790,아모레퍼시픽홀딩스,지주회사,1736161233000
002800,신신제약,바이오/제약/신약개발,101338940000
002810,삼영무역,유통,249857806440
002820,SUN&L,섬유,37319647440
002840,미원상사,정유/화학/가스,902025000000
002870,신풍,바이오/제약/신약개발,40796802900
002880,대유에이텍,자동차 부품,44921003220
002900,TYM,조선/기계/중공업,204981849800
002920,유성기업,자동차 부품,50415992500
002960,한국쉘석유,정유/화학/가스,451750000000
002990,금호건설,건설,109197873225
003000,부광약품,바이오/제약/신약개발,273134137290
003010,혜인,조선/기계/중공업,64199372350
003030,세아제강지주,지주회사,958793595500
003060,에이프로젠바이오로직스,바이오/제약/신약개발,142853648400
003070,코오롱글로벌,건설,163957294580
003080,SB성보,바이오/제약/신약개발,50550500000
003090,대웅,바이오/제약/신약개발,1150629784200
003100,선광,운송/항공/물류,107448000000
003120,일성아이에스,건자재,210805000000
003160,디아이,반도체 장비,418840000000
003200,일신방직,의류,196996800000
003220,대원제약,바이오/제약/신약개발,308603542080
003230,삼양식품,음식료,7073501085000
003240,태광산업,정유/화학/가스,812782000000
003280,흥아해운,운송/항공/물류,385641537996
003300,한일홀딩스,지주회사,449235119880
003310,대주산업,음식료,80517596250
003350,한국화장품제조,화장품,232038400000
003380,하림지주,음식료,663073276320
003460,유화증권,증권,134384723550
003470,유안타증권,증권,565856292960
003480,한진중공업홀딩스,지주회사,133474750240
003490,대한항공,운송/항공/물류,7658989748800
003520,영진약품,바이오/제약/신약개발,371272243930
003530,한화투자증권,증권,719807785125
003540,대신증권,증권,879903022000
003550,LG,지주회사,10240294644300
003560,IHQ,엔터테인먼트,64669472240
003570,SNT다이내믹스,방위산업,1125603793450
003580,HLB글로벌,유통/소매,153416359655
003610,방림,의류,156386394620
003620,KG모빌리티,자동차,640277868040
003650,미창석유,정유/화학/가스,180925888000
003670,포스코퓨처엠,이차전지 소재,9977262736000
003680,한성기업,음식료,31544336200
003690,코리안리,보험,1548827196450
003720,삼영,건자재,138720000000
003780,진양산업,정유/화학/가스,75530000000
003800,에이스침대,홈리빙/가구,281131500000
003830,대한화섬,섬유/의류,146744000000
003850,보령,바이오/제약/신약개발,739427003640
003920,남양유업,음식료,445135719600
003960,사조대림,음식료,352831979500
004000,롯데정밀화학,정유/화학/가스,882360000000
004020,현대제철,철강/비철금속,3209371129250
004060,SG세계물산,의류,67205086720
004080,신흥,헬스케어,138700000000
004090,한국석유,정유/화학/가스,160072853200
004100,태양금속,자동차 부품,140010500000
004140,동방,운송/항공/물류,120888850320
004150,한솔홀딩스,지주회사,101130618300
004170,신세계,유통/소매,1475712693000
004250,NPC,조선/기계/중공업,153306000000
004270,남성,가전제품,40738680000
004310,현대약품,바이오/제약/신약개발,109920000000
004360,세방,운송/항공/물류,222049935000
004370,농심,음식료,2399602269000
004380,삼익THK,조선/기계/중공업,212730000000
004410,서울식품,음식료,59960889440
004430,송원산업,정유/화학/가스,282240000000
004440,삼일씨엔에스,건설,54174434485
004450,삼화왕관,포장재,79712023000
004490,세방전지,이차전지 배터리,980000000000
004540,깨끗한나라,필수소비재,94218953290
004560,현대비앤지스틸,철강/비철금속,191953264030
004590,한국가구,홈리빙/가구,65850000000
004650,창해에탄올,음식료,90070673000
004690,삼천리,유틸리티,369007275000
004700,조광피혁,의류,343095520800
004710,한솔테크닉스,IT하드웨어/반도체,148989833920
004720,팜젠사이언스,바이오/제약/신약개발,73624274680
004770,써니전자,IT하드웨어/반도체,69735479600
004780,대륙제관,철강/비철금속,61147800155
004800,효성,지주회사,865479041900
004830,덕성,반도체 소재,104272000000
004840,DRB동일,자동차 부품,87094100000
004870,티웨이홀딩스,운송/항공/물류,71632491702
004890,동일산업,철강/비철금속,102707855250
004910,조광페인트,건자재,78336000000
004920,씨아이테크,IT하드웨어/반도체,81457045211
004960,한신공영,건설,83656175460
004970,신라교역,음식료,145440000000
004980,성신양회,건자재,233883336420
004990,롯데지주,지주회사,2355212370650
005010,휴스틸,철강/비철금속,274759686750
005030,부산주공,건설,38288532168
005070,코스모신소재,이차전지 소재,1324813307000
005090,SGC에너지,유틸리티,331414659000
005110,한창,기타,23332434378
005160,동국산업,철강/비철금속,213723259080
005180,빙그레,음식료,928972026300
005250,녹십자홀딩스,지주회사,646167605400
005290,동진쎄미켐,반도체 소재,1598990763400
005300,롯데칠성,음식료,1017893574800
005320,온타이드,IT하드웨어/반도체,29979866124
005360,모나미,유통/소매,39117425490
005380,현대차,자동차,39537776860800
005390,신성통상,의류,335559090650
005420,코스모화학,정유/화학/가스,612995318880
005430,한국공항,운송/항공/물류,149768591500
005440,현대지에프홀딩스,지주회사,843442268410
005490,POSCO홀딩스,철강/비철금속,21042567520000
005500,삼진제약,바이오/제약/신약개발,247559000000
005610,SPC삼립,음식료,537587260700
005670,푸드웰,음식료,50300000000
005680,삼영전자,IT하드웨어/반도체,208800000000
005690,파미셀,바이오/제약/신약개발,604970997120
005710,대원산업,자동차 부품,154890648000
005720,넥센,자동차 부품,251121252130
005740,크라운해태홀딩스,지주회사,88341714650
005750,대림바스,건자재,67105766000
005800,신영와코루,의류,93960000000
005810,풍산홀딩스,지주회사,409451092800
005820,원림,건설,32263498800
005830,DB손해보험,보험,6187920000000
005850,에스엘,자동차 부품,1569959976000
005860,한일사료,음식료,144414505525
005870,휴니드,방위산업,114339721500
005880,대한해운,운송/항공/물류,500445102100
005930,삼성전자,IT하드웨어/반도체,329723832255400
005940,NH투자증권,증권,4670040183740
005950,이수화학,정유/화학/가스,131791886200
005960,동부건설,건설,93735819325
005990,매일홀딩스,지주회사,142258812480
006040,동원산업,음식료,1630531056600
006050,국영지앤엠,건자재,46480463676
006060,화승인더,의류,260004000000
006090,사조오양,음식료,79151007600
006110,삼아알미늄,철강/비철금속,372211474800
006120,SK디스커버리,지주회사,775196873750
006140,피제이전자,가전제품,86700000000
006200,한국전자홀딩스,지주회사,33183423424
006220,제주은행,은행,369480901000
006260,LS,전력기기,4079740000000
006280,녹십자,바이오/제약/신약개발,1422251674600
006340,대원전선,전력기기,213690648750
006360,GS건설,건설,1475424887600
006370,대구백화점,유통/소매,86140023560
006380,카프로,정유/화학/가스,618539985360
006390,한일현대시멘트,건자재,301704959920
006400,삼성SDI,이차전지 배터리,12728314503000
006490,인스코비,통신,183915452640
006570,대림통상,홈리빙/가구,37910250000
006620,동구바이오제약,바이오/제약/신약개발,160542554880
006650,대한유화,정유/화학/가스,577200000000
006660,삼성공조,자동차 부품,121975973140
006730,서부T&D,기타,377101999560
006740,영풍제지,기타,53503207626
006800,미래에셋증권,증권,5931290643200
006840,AK홀딩스,지주회사,142146329530
006880,신송홀딩스,지주회사,85995797660
006890,태경케미컬,정유/화학/가스,136996000000
006910,보성파워텍,전력기기,143459086080
006920,모헨즈,건자재,48266400000
006980,우성,음식료,50892300000
007070,GS리테일,유통,1210635369200
007110,일신석재,건자재,173890089450
007120,미래아이앤지,창업투자/VC,31131139424
007160,사조산업,음식료,190000000000
007210,벽산,건자재,168821500000
007280,한국특강,철강/비철금속,115849357455
007310,오뚜기,음식료,1609143745000
007330,푸른저축은행,기타금융,126544692000
007340,DN오토모티브,자동차 부품,1336973265250
007370,진양제약,바이오/제약/신약개발,79047454080
007390,네이처셀,바이오/제약/신약개발,1785911079000
007460,에이프로젠,바이오/제약/신약개발,230751740240
007530,와이엠,반도체 소재,51852358230
007540,샘표,음식료,120783600000
007570,일양약품,바이오/제약/신약개발,239715939840
007590,동방아그로,화학/비료 (제공된 업종에 정확히 부합하지 않음),83339571240
007610,선도전기,전력기기,54000000000
007660,이수페타시스,IT하드웨어/반도체,2147215925050
007680,대원,건설,66291116820
007690,국도화학,정유/화학/가스,294494457600
007700,F&F홀딩스,지주회사,474848415380
007720,소노스퀘어,엔터테인먼트,90821205450
007770,한일화학,정유/화학/가스,35591400000
007810,코리아써키트,IT하드웨어/반도체,243766150320
007820,에스엠코어,조선/기계/중공업,94359885660
007860,서연,자동차 부품,178212015960
007980,TP,IT하드웨어/반도체,71082255570
008040,사조동아원,음식료,151165866600
008060,대덕,IT하드웨어/반도체,272476806000
008110,대동전자,IT하드웨어/반도체,157776322880
008250,이건산업,건자재,64839599200
008260,NI스틸,철강/비철금속,97669399555
008290,원풍물산,의류,21120019401
008350,남선알미늄,철강/비철금속,185873889600
008370,원풍,자동차 부품,48660000000
008420,문배철강,철강/비철금속,50336104775
008470,부스타,조선/기계/중공업,28156080000
008490,서흥,헬스케어,162546037650
008500,일정실업,의류,13392000000
008600,윌비스,미디어,49216780548
008700,아남전자,가전제품,111830989000
008730,율촌화학,정유/화학/가스,719200000000
008770,호텔신라,유통/소매,1534601531100
008830,대동기어,자동차 부품,198174816000
008870,금비,건자재,55500000000
008930,한미사이언스,지주회사,1938900442500
008970,동양철관,철강/비철금속,231912565580
009070,KCTC,운송/항공/물류,117450000000
009140,경인전자,IT하드웨어/반도체,30661957440
009150,삼성전기,IT하드웨어/반도체,9187324608000
009160,SIMPAC,조선/기계/중공업,262372359160
009180,한솔로지스틱스,운송/항공/물류,61098140250
009190,대양금속,철강/비철금속,81331173120
009200,무림페이퍼,기타,90500249250
009240,한샘,홈리빙/가구,984894886800
009270,신원,의류,175217496048
009290,광동제약,바이오/제약/신약개발,288838889010
009300,삼아제약,바이오/제약/신약개발,107143400000
009310,참엔지니어링,디스플레이 장비,24017479577
009320,아진전자부품,자동차 부품,49595568620
009410,태영건설,건설,724891320470
009420,한올바이오파마,바이오/제약/신약개발,1452289736400
009440,KC그린홀딩스,지주회사,17568790596
009450,경동나비엔,홈리빙/가구,1047481764800
009460,한창제지,기타,46659974052
009470,삼화전기,전력기기,190147325000
009520,포스코엠텍,철강/비철금속,519284506410
009540,HD한국조선해양,조선/기계/중공업,18790262298000
009580,무림P&P,기타,188352338480
009620,삼보산업,철강/비철금속,47929316175
009680,모토닉,자동차 부품,266475000000
009730,이렘,IT소프트웨어,62220720160
009770,삼정펄프,기타,65499240200
009780,엠에스씨,반도체 소재,114224000000
009810,플레이그램,게임,46629462500
009830,한화솔루션,신재생에너지,5122397572800
009900,명신산업,자동차 부품,426057479960
009970,영원무역홀딩스,의류,1287199884800
010040,한국내화,건자재,96302260390
010060,OCI홀딩스,지주회사,1281295847700
010100,한국무브넥스,자동차 부품,126064738800
010120,LS ELECTRIC,전력기기,5769000000000
010130,고려아연,철강/비철금속,14782144062000
010140,삼성중공업,조선/기계/중공업,12953600000000
010170,대한광통신,통신,67896922920
010240,흥국,기타금융,63831565280
010280,아이티센엔텍,IT소프트웨어,52620019088
010400,우진아이엔에스,전력기기,20693730000
010420,한솔PNS,IT하드웨어/반도체,38752285692
010470,오리콤,미디어,83346348000
010580,에스엠벡셀,IT하드웨어/반도체,131054573280
010600,웰바이오텍,헬스케어,49553256815
010620,HD현대미포,조선/기계/중공업,6530541361500
010640,진양폴리,정유/화학/가스,42050000000
010660,화천기계,조선/기계/중공업,89210000000
010690,화신,자동차 부품,280410892300
010770,평화홀딩스,자동차 부품,101939498020
010780,아이에스동서,건설,554534749120
010820,퍼스텍,방위산업,177285994630
010950,S-Oil,정유/화학/가스,5899338300800
010960,삼호개발,건설,90750000000
011000,진원생명과학,바이오/제약/신약개발,182488999800
011040,경동제약,바이오/제약/신약개발,176305029180
011070,LG이노텍,IT하드웨어/반도체,3358362483300
011080,형지I&C,의류,57437410206
011090,에넥스,홈리빙/가구,49193145620
011150,CJ씨푸드,음식료,114978473600
011170,롯데케미칼,정유/화학/가스,2724794190300
011200,HMM,운송/항공/물류,16581163314720
011210,현대위아,자동차 부품,1176187339750
011230,삼화전자,IT하드웨어/반도체,77583393000
011280,태림포장,제지,152232771000
011300,성안머티리얼스,섬유/의류,78586925875
011320,유니크,자동차 부품,79794470350
011330,유니켐,정유/화학/가스,162179263224
011370,서한,건설,87677637685
011390,부산산업,건자재,88915200000
011420,갤럭시아에스엠,엔터테인먼트,65705900940
011500,한농화성,정유/화학/가스,244719707300
011560,세보엠이씨,건설,106563600000
011690,와이투솔루션,IT소프트웨어,90704497120
011700,한신기계,조선/기계/중공업,98149606775
011760,현대코퍼레이션,지주회사,295667390100
011780,금호석유화학,정유/화학/가스,3148690853000
011790,SKC,정유/화학/가스,3953450311200
011810,STX,지주회사,111974716470
011930,신성이엔지,신재생에너지,296215489289
012030,DB,기타금융,255088547044
012160,영흥,전력기기,52276151952
012170,아센디오,미디어,46974569760
012200,계양전기,전력기기,41106471790
012280,영화금속,철강/비철금속,44948119350
012320,경동인베스트,지주회사,140718868500
012330,현대모비스,자동차 부품,23248773500000
012340,뉴인텍,자동차 부품,25300859514
012450,한화에어로스페이스,방위산업,37558876664000
012510,더존비즈온,IT소프트웨어,1862464659200
012600,청호ICT,IT하드웨어/반도체,116119947330
012610,경인양행,정유/화학/가스,135461268075
012620,원일특강,철강/비철금속,31460000000
012630,HDC,건설,1066987137060
012690,모나리자,필수소비재,108982339900
012700,리드코프,기타금융,106181232025
012750,에스원,IT소프트웨어,2405347967400
012790,신일제약,바이오/제약/신약개발,77911697500
012800,대창,철강/비철금속,122583971155
012860,모베이스전자,자동차 부품,111973955753
013000,세우글로벌,IT소프트웨어,40100928307
013030,하이록코리아,조선/기계/중공업,359641678500
013120,동원개발,건설,215215197000
013310,아진산업,자동차 부품,116613778910
013360,일성건설,건설,179092477200
013520,화승코퍼레이션,지주회사,90792971128
013570,디와이,조선/기계/중공업,103567755855
013580,계룡건설,건설,204071224950
013700,까뮤이앤씨,건설,74150780030
013720,CBI,IT소프트웨어,96427677698
013810,스페코,조선/기계/중공업,50048430050
013870,지엠비코리아,자동차 부품,77147372600
013890,지누스,건자재,392348174880
013990,아가방컴퍼니,유통/소매,229883876640
014100,메디앙스,필수소비재,31683000000
014130,한익스프레스,운송/항공/물류,43140000000
014160,대영포장,제지,156521728756
014190,원익큐브,지주회사,57489447344
014280,금강공업,철강/비철금속,136528156835
014440,영보화학,정유/화학/가스,100600000000
014470,부방,홈리빙/가구,131514449400
014530,극동유화,정유/화학/가스,122042970000
014570,고려제약,바이오/제약/신약개발,53130000000
014580,태경비케이,건자재,130605978500
014620,성광벤드,철강/비철금속,788981452750
014680,한솔케미칼,정유/화학/가스,1364757478000
014710,사조씨푸드,음식료,100211920260
014790,HL D&I,건설,92374986440
014820,동원시스템즈,포장재,965409690600
014830,유니드,정유/화학/가스,595548800000
014910,성문전자,IT하드웨어/반도체,25942437675
014940,오리엔탈정공,조선/기계/중공업,255668238210
014970,삼륭물산,제지,124025000000
014990,인디에프,의류,72033362205
015020,이스타코,건설,65477244800
015230,대창단조,철강/비철금속,146004095300
015260,에이엔피,방위산업,21069589498
015360,INVENI,바이오/제약/신약개발,296700000000
015590,KIB플러그에너지,신재생에너지,122045495160
015710,코콤,IT하드웨어/반도체,74154015000
015750,성우하이텍,자동차 부품,458400000000
015760,한국전력,유틸리티,16209592944250
015860,일진홀딩스,지주회사,185793273495
015890,태경산업,정유/화학/가스,144097737500
016090,대현,의류,87723256110
016100,리더스코스메틱,화장품,45746641130
016250,SGC E&C,건설,50599926000
016360,삼성증권,증권,4295330000000
016380,KG스틸,철강/비철금속,592052670240
016450,한세예스24홀딩스,지주회사,151400000000
016580,환인제약,바이오/제약/신약개발,217062816900
016590,신대양제지,제지,316337887000
016600,큐캐피탈,창업투자/VC,47948473128
016610,DB증권,증권,259347436790
016670,디모아,IT소프트웨어,24536265390
016710,대성홀딩스,지주회사,114556948080
016740,두올,자동차 부품,97358500240
016790,현대사료,음식료,187340898626
016800,퍼시스,홈리빙/가구,491050000000
016880,웅진,지주회사,81925257000
016920,카스,홈리빙/가구,51370970182
017000,신원종합개발,건설,42238257740
017040,광명전기,전력기기,62536178445
017180,명문제약,바이오/제약/신약개발,56634361272
017250,인터엠,IT하드웨어/반도체,21971467548
017370,우신시스템,자동차 부품,115561680740
017390,서울가스,정유/화학/가스,250500000000
017480,삼현철강,철강/비철금속,69328259350
017510,세명전기,전력기기,106264620000
017550,수산세보틱스,로봇,116873570490
017650,대림제지,기타,59130000000
017670,SK텔레콤,통신,12414865063400
017800,현대엘리베이터,조선/기계/중공업,2810742481500
017810,풀무원,음식료,590487195580
017860,DS단석,신재생에너지,469498460400
017890,한국알콜,정유/화학/가스,197692704000
017900,광전자,IT하드웨어/반도체,106790355209
017940,E1,정유/화학/가스,419832000000
017960,한국카본,조선/기계/중공업,1025191927000
018000,유니슨,신재생에너지,224129171684
018120,진로발효,음식료,114677798400
018250,애경산업,화장품,381887660100
018260,삼성에스디에스,IT소프트웨어,9548420520000
018290,브이티,화장품,1349584863900
018310,삼목에스폼,건자재,312375000000
018470,조일알미늄,철강/비철금속,190454108384
018500,동원금속,자동차 부품,71628557356
018620,우진비앤지,바이오/제약/신약개발,26087031579
018670,SK가스,정유/화학/가스,2172632340000
018680,서울제약,바이오/제약/신약개발,39291905030
018700,바른손,엔터테인먼트,28201164871
018880,한온시스템,자동차 부품,2436757561680
019010,베뉴지,미디어,103630000000
019170,신풍제약,바이오/제약/신약개발,413282922000
019180,티에이치엔,자동차 부품,52920000000
019210,와이지-원,조선/기계/중공업,201442914000
019440,세아특수강,철강/비철금속,115009400000
019490,엑시큐어하이트론,IT하드웨어/반도체,50216001390
019540,일지테크,자동차 부품,52229677500
019550,SBI인베스트먼트,창업투자/VC,116687934000
019570,플루토스,기타금융,21095143566
019660,글로본,미디어,35243025698
019680,대교,미디어,187616812750
019770,서연탑메탈,자동차 부품,43279750000
019990,에너토크,전력기기,59219454160
020000,한섬,의류,347785078500
020120,키다리스튜디오,미디어,131576369300
020150,롯데에너지머티리얼즈,이차전지 소재,1207023922150
020180,대신정보통신,IT소프트웨어,45077117295
020400,대동금속,자동차 부품,20761470660
020560,아시아나항공,운송/항공/물류,1952791940280
020710,시공테크,건설,170207265300
020760,일진디스플,디스플레이 패널,39665580570
021040,대호특수강,철강/비철금속,27977453686
021050,서원,철강/비철금속,59912932580
021080,에이티넘인베스트,창업투자/VC,111120000000
021240,코웨이,홈리빙/가구,5761561353000
021320,KCC건설,건설,92448000000
021650,한국큐빅,자동차 부품,37524542085
021820,세원정공,자동차 부품,82500000000
021880,메이슨캐피탈,기타금융,46568428848
022100,포스코DX,IT서비스,3869283853050
022220,TKG애강,건자재,47909985575
023000,삼원강재,철강/비철금속,94600000000
023150,MH에탄올,음식료,38073194160
023160,태광,정유/화학/가스,575050000000
023350,한국종합기술,건설,65481000000
023410,유진기업,건자재,267882140295
023440,제이스코홀딩스,지주회사,142190536320
023450,동남합성,정유/화학/가스,120400000000
023530,롯데쇼핑,유통,1895346585000
023590,다우기술,IT소프트웨어,946685618700
023600,삼보판지,건자재,129360000000
023760,한국캐피탈,기타금융,179266239168
023770,플레이위드,게임,28097658100
023790,동일스틸럭스,철강/비철금속,21919135815
023800,인지컨트롤스,자동차 부품,94380906090
023810,인팩,자동차 부품,56600000000
023900,풍국주정,음식료,114156000000
023910,대한약품,바이오/제약/신약개발,157500000000
023960,에쓰씨엔지니어링,조선/기계/중공업,47960147016
024060,흥구석유,유통/소매,169350000000
024070,WISCOM,IT하드웨어/반도체,30039818480
024090,디씨엠,철강/비철금속,142386000000
024110,기업은행,은행,11937465258930
024120,KB오토시스,자동차 부품,40307500000
024720,콜마홀딩스,화장품,328558161220
024740,한일단조,자동차 부품,74347330740
024800,유성티엔에스,철강/비철금속,87998053500
024830,세원물산,의류,67969000000
024840,KBI메탈,철강/비철금속,69992943995
024850,HLB이노베이션,바이오/제약/신약개발,297266493380
024880,케이피에프,건자재,84178987860
024890,대원화성,정유/화학/가스,37206735104
024900,디와이덕양,자동차 부품,94926916700
024910,경창산업,자동차 부품,64760761040
024940,PN풍년,홈리빙/가구,45400000000
024950,삼천리자전거,자동차,57209116870
025000,KPX케미칼,정유/화학/가스,217558000000
025320,시노펙스,IT하드웨어/반도체,581624277700
025440,DH오토웨어,자동차 부품,34634669040
025530,SJM홀딩스,지주회사,49356896440
025540,한국단자,자동차 부품,664477000000
025550,한국선재,철강/비철금속,143133562440
025560,미래산업,반도체 장비,38360524608
025620,제이준코스메틱,화장품,36910282580
025750,한솔홈데코,건자재,62599120773
025770,한국정보통신,IT소프트웨어,287197558570
025820,이구산업,철강/비철금속,147144800000
025860,남해화학,정유/화학/가스,336325767110
025870,신라에스지,음식료,24600000000
025880,케이씨피드,음식료,46971560980
025890,한국주강,조선/기계/중공업,20831655078
025900,동화기업,건자재,448948690800
025950,동신건설,건설,400680000000
025980,아난티,유통/소매,578750491340
026040,제이에스티나,의류,28436030170
026150,특수건설,건설,145810010610
026890,스틱인베스트먼트,창업투자/VC,413864277750
026910,광진실업,자동차 부품,15501080100
026940,부국철강,철강/비철금속,51500000000
026960,동서,음식료,2607155000000
027050,코리아나,화장품,95800000000
027360,아주IB투자,창업투자/VC,299944606880
027410,BGF,지주회사,344101863645
027580,상보,IT하드웨어/반도체,68650283640
027710,팜스토리,음식료,137265251200
027740,마니커,음식료,55064234676
027830,대성창투,창업투자/VC,134460000000
027970,한국제지,기타,158798827895
028050,삼성E&A,건설,3712240000000
028080,휴맥스홀딩스,지주회사,37858293060
028100,동아지질,건설,194683359080
028260,삼성물산,건설,19887255648000
028300,HLB,바이오/제약/신약개발,7254664747200
028670,팬오션,운송/항공/물류,1772097932280
029460,케이씨,전력기기,246763054950
029480,광무,AI,172789869940
029530,신도리코,IT하드웨어/반도체,417313200600
029780,삼성카드,카드,4779179253750
029960,코엔텍,유틸리티,434763450000
030000,제일기획,미디어,2085697409250
030190,NICE평가정보,기타금융,747997874010
030200,KT,통신,12651488587000
030210,다올투자증권,증권,201311205330
030520,한글과컴퓨터,IT소프트웨어,529536393600
030530,원익홀딩스,지주회사,349888053930
030610,교보증권,증권,723664802350
030720,동원수산,음식료,23501715250
030960,양지사,유통/소매,138706400000
031210,서울보증보험,보험,2380916491800
031310,아이즈비전,통신,41751480128
031330,에스에이엠티,IT하드웨어/반도체,270986631570
031430,신세계인터내셔날,의류,345301110000
031440,신세계푸드,음식료,124500232000
031510,오스템,헬스케어,31164000000
031820,아이티센씨티에스,IT소프트웨어,77593989706
031860,디에이치엑스컴퍼니,유통,27956050188
031980,피에스케이홀딩스,반도체 장비,795652375500
032080,아즈텍WB,IT하드웨어/반도체,28905434005
032190,다우데이타,IT소프트웨어,446961000000
032280,삼일,건자재,32216403330
032300,한국파마,바이오/제약/신약개발,159455968620
032350,롯데관광개발,유통,732245318630
032500,케이엠더블유,통신,320159899320
032540,TJ미디어,엔터테인먼트,68682832370
032560,황금에스티,철강/비철금속,90100000000
032580,피델릭스,IT하드웨어/반도체,42773494624
032620,유비케어,헬스케어,195739271250
032640,LG유플러스,통신,5012298424280
032680,소프트센,IT소프트웨어,38540628860
032750,삼진,전력기기,38698357770
032790,엠젠솔루션,바이오/제약/신약개발,56838014340
032800,판타지오,엔터테인먼트,26563179524
032820,우리기술,전력기기,321944379560
032830,삼성생명,보험,16560000000000
032850,비트컴퓨터,IT소프트웨어,87604754110
032860,더라미,화장품,57402521323
032940,원익,지주회사,67951714050
032960,동일기연,조선/기계/중공업,42998131800
033050,제이엠아이,디스플레이 장비,27496964648
033100,제룡전기,전력기기,515603328900
033130,디지틀조선,미디어,65731137857
033160,엠케이전자,반도체 소재,168366105530
033170,시그네틱스,IT하드웨어/반도체,62324487913
033180,KH 필룩스,건자재,128260035150
033200,모아텍,로봇,41560436500
033230,인성정보,헬스케어,111133836000
033240,자화전자,IT하드웨어/반도체,259223679000
033250,체시스,자동차 부품,37088000000
033270,유나이티드제약,바이오/제약/신약개발,323409675600
033290,코웰패션,의류,116243543070
033310,엠투엔,바이오/제약/신약개발,86534085495
033320,제이씨현시스템,IT하드웨어/반도체,102453355520
033340,좋은사람들,의류,80178111466
033500,동성화인텍,정유/화학/가스,775228419900
033530,SJG세종,자동차 부품,118795503470
033540,파라텍,전력기기,56437839185
033560,블루콤,IT하드웨어/반도체,61218000000
033640,네패스,IT하드웨어/반도체,161645006020
033780,KT&G,필수소비재,13780855911300
033790,피노,창업투자/VC,145153008000
033830,티비씨,미디어,80900000000
033920,무학,음식료,203775000000
034020,두산에너빌리티,원자력,17871655973400
034120,SBS,미디어,355812744840
034220,LG디스플레이,디스플레이 패널,4240000000000
034230,파라다이스,유통/소매,1104012624690
034310,NICE,기타금융,415095981560
034590,인천도시가스,유틸리티,107400210700
034730,SK,지주회사,9548605985100
034810,해성산업,건자재,214549687630
034830,한국토지신탁,기타금융,258043993060
034940,조아제약,바이오/제약/신약개발,33148414890
034950,한국기업평가,기타금융,406830054400
035000,HS애드,미디어,116634559360
035080,그래디언트,AI,187232626620
035150,백산,IT소프트웨어,303875000000
035200,프럼파스트,건자재,45344549400
035250,강원랜드,유통/소매,3420908595000
035290,골드앤에스,IT소프트웨어,21645121920
035420,NAVER,IT소프트웨어,30657561048000
035460,기산텔레콤,통신,31851487900
035510,신세계 I&C,IT소프트웨어,224142167200
035600,KG이니시스,IT소프트웨어,241101297500
035610,솔본,창업투자/VC,106512658315
035620,바른손이앤에이,게임,31339103175
035720,카카오,IT소프트웨어,16844957580000
035760,CJ ENM,엔터테인먼트,1289434255200
035810,이지홀딩스,지주회사,220322771775
035890,서희건설,건설,396419588325
035900,JYP Ent.,엔터테인먼트,2252759992800
036000,예림당,미디어,60004291585
036010,아비코전자,IT하드웨어/반도체,65401235280
036030,케이티알파,IT소프트웨어,191175203700
036090,위지트,IT하드웨어/반도체,81335499108
036120,SCI평가정보,기타금융,85200000000
036170,에이치엠넥스,정유/화학/가스,59033732212
036180,지더블유바이텍,바이오/제약/신약개발,53929030348
036190,금화피에스시,전력기기,156600000000
036200,유니셈,반도체 장비,188584971450
036220,오상헬스케어,진단기기/의료기기,195877116000
036420,콘텐트리중앙,엔터테인먼트,168545195000
036460,한국가스공사,유틸리티,3489431400000
036480,대성미생물,바이오/제약/신약개발,32680000000
036530,SNT홀딩스,조선/기계/중공업,537213043700
036540,SFA반도체,IT하드웨어/반도체,506537733240
036560,KZ정밀,자동차 부품,190575000000
036570,엔씨소프트,게임,3164816831800
036580,팜스코,음식료,76945040585
036620,감성코퍼레이션,의류,355039920400
036630,세종텔레콤,통신,52700000000
036640,HRS,자동차 부품,84554316000
036670,삼양케이씨아이,반도체 소재,72015300000
036710,심텍홀딩스,IT하드웨어/반도체,68845993227
036800,나이스정보통신,IT소프트웨어,186400000000
036810,에프에스티,반도체 장비,409046763240
036830,솔브레인홀딩스,지주회사,669801589200
036890,진성티이씨,조선/기계/중공업,202565234680
036930,주성엔지니어링,반도체 장비,1739474212800
037030,파워넷,전력기기,47914953060
037070,파세코,가전제품,138600000000
037230,한국팩키지,음식료,57514631110
037270,YG PLUS,엔터테인먼트,333004402500
037330,인지디스플레,디스플레이 패널,58455118368
037350,성도이엔지,건설,66907750000
037370,EG,철강/비철금속,57959811840
037400,우리엔터프라이즈,IT소프트웨어,27796746760
037440,희림,건설,75877488750
037460,삼지전자,통신,164001146100
037560,LG헬로비전,미디어,188195881950
037710,광주신세계,유통,220414163000
037760,쎄니트,IT하드웨어/반도체,54166506521
037950,엘컴텍,IT하드웨어/반도체,91372215558
038010,제일테크노스,건설,56430000000
038060,루멘스,IT하드웨어/반도체,43196555962
038070,서린바이오,바이오/제약/신약개발,67253995640
038110,에코플라스틱,자동차 부품,135035533600
038290,마크로젠,바이오/제약/신약개발,175630680000
038390,레드캡투어,운송/항공/물류,170886800840
038460,바이오스마트,기타금융,103218707910
038500,삼표시멘트,건자재,336698874720
038530,케이바이오,바이오/제약/신약개발,31242873690
038540,상상인,증권,112593116955
038620,위즈코프,IT소프트웨어,58660341950
038680,에스넷,IT소프트웨어,88013877640
038870,에코바이오,신재생에너지,61385476620
038880,아이에이,자동차 부품,86040149075
038950,파인디지털,IT하드웨어/반도체,34716601000
039010,현대에이치티,자동차 부품,63825000000
039020,이건홀딩스,홈리빙/가구,95307471980
039030,이오테크닉스,반도체 장비,1485737730000
039130,하나투어,운송/항공/물류,821206272000
039200,오스코텍,바이오/제약/신약개발,1113021921600
039240,경남스틸,철강/비철금속,171320485400
039290,인포뱅크,IT소프트웨어,59640689080
039310,세중,운송/항공/물류,27544933840
039340,한국경제TV,미디어,131175000000
039420,케이엘넷,IT소프트웨어,63526939900
039440,에스티아이,반도체 장비,349843000000
039490,키움증권,증권,3130570697400
039560,다산네트웍스,통신,110126867180
039570,HDC랩스,IT소프트웨어,231022648900
039610,화성밸브,조선/기계/중공업,109413304000
039740,한국정보공학,IT소프트웨어,22972707405
039830,오로라,엔터테인먼트,66299402400
039840,디오,진단기기/의료기기,281057723800
039860,나노엔텍,진단기기/의료기기,113027488640
039980,폴라리스AI,AI,182340920160
040160,누리플렉스,전력기기,35021329175
040300,YTN,미디어,134400000000
040350,크레오에스지,IT소프트웨어,100080357314
040420,정상제이엘에스,미디어,91400128160
040610,SG&G,자동차 부품,54096380052
040910,아이씨디,디스플레이 장비,76990369875
041020,폴라리스오피스,IT소프트웨어,255589059720
041190,우리기술투자,창업투자/VC,554400000000
041440,현대에버다임,조선/기계/중공업,157481147760
041460,한국전자인증,IT소프트웨어,68590000000
041510,에스엠,엔터테인먼트,2678678730000
041520,이엘씨,디스플레이 소재,79470519600
041590,플래스크,IT소프트웨어,115917098775
041650,상신브레이크,자동차 부품,63984921000
041830,인바디,헬스케어,317474771100
041910,폴라리스AI파마,바이오/제약/신약개발,78849384880
041920,메디아나,헬스케어,113077195840
041930,동아화성,자동차 부품,88006000000
041960,코미팜,바이오/제약/신약개발,430089398970
042000,카페24,IT소프트웨어,1438206102200
042040,케이피엠테크,바이오/제약/신약개발,50441271400
042110,에스씨디,가전제품,68579651316
042370,비츠로테크,전력기기,202264193000
042420,네오위즈홀딩스,지주회사,175314458400
042500,링네트,IT소프트웨어,84289992280
042510,라온시큐어,IT소프트웨어,107737749933
042520,한스바이오메드,헬스케어,98201424420
042600,새로닉스,IT하드웨어/반도체,106097321960
042660,한화오션,조선/기계/중공업,27546564120600
042670,HD현대인프라코어,조선/기계/중공업,1572071874720
042700,한미반도체,반도체 장비,7970676367500
042940,상지건설,건설,100142622100
043090,더테크놀로지,디스플레이 장비,4718944500
043100,알파녹스,자동차 부품,28622201042
043150,바텍,진단기기/의료기기,306740386400
043200,파루,IT하드웨어/반도체,22574330100
043260,성호전자,IT하드웨어/반도체,69481493271
043340,에쎈테크,자동차 부품,55385000000
043360,디지아이,IT하드웨어/반도체,18180000000
043370,피에이치에이,자동차 부품,208950000000
043590,웰킵스하이텍,건자재,18208767302
043610,KT지니뮤직,미디어,124367037320
043650,국순당,음식료,81701740800
043710,서울리거,유통/소매,58689381780
043910,자연과환경,건설,91280122885
044180,KD,운송/항공/물류,21668134989
044340,위닉스,가전제품,105631941750
044380,주연테크,IT하드웨어/반도체,23573367460
044450,KSS해운,운송/항공/물류,209158072800
044480,빌리언스,기타금융,18298677600
044490,태웅,철강/비철금속,313715734080
044780,에이치케이,자동차 부품,21096597180
044820,코스맥스비티아이,화장품,108044111250
044960,이글벳,바이오/제약/신약개발,55624285200
044990,에이치엔에스하이텍,반도체 소재,141032923200
045060,오공,정유/화학/가스,43540873180
045100,한양이엔지,건설,290520000000
045300,성우테크론,반도체 장비,28869148350
045340,토탈소프트,IT소프트웨어,66667131600
045390,대아티아이,전력기기,272731968990
045510,정원엔시스,건설,27088014572
045520,크린앤사이언스,건자재,28307500000
045660,에이텍,IT하드웨어/반도체,231280000000
045970,코아시아,IT하드웨어/반도체,84207603200
046120,오르비텍,원자력,67388488130
046210,HLB파나진,진단기기/의료기기,86529339416
046310,백금T&A,IT하드웨어/반도체,42442186985
046390,삼화네트웍스,엔터테인먼트,55175008374
046440,KG모빌리언스,IT소프트웨어,164206664640
046890,서울반도체,IT하드웨어/반도체,385398694000
046940,우원개발,건설,56753459000
046970,우리로,IT하드웨어/반도체,68279348442
047040,대우건설,건설,1402726403250
047050,포스코인터내셔널,지주회사,8681789587800
047080,한빛소프트,게임,34552727904
047310,파워로직스,IT하드웨어/반도체,173351924925
047400,유니온머티리얼,철강/비철금속,82152000000
047560,이스트소프트,IT소프트웨어,238920300600
047770,코데즈컴바인,의류,62743034116
047810,한국항공우주,방위산업,8041696327500
047820,초록뱀미디어,엔터테인먼트,124715043000
047920,HLB제약,바이오/제약/신약개발,621028682880
048410,현대바이오,바이오/제약/신약개발,528717904080
048430,유라테크,자동차 부품,126144000000
048470,대동스틸,철강/비철금속,46800000000
048530,인트론바이오,바이오/제약/신약개발,142237923730
048550,SM C&C,엔터테인먼트,139269052800
048770,TPC,로봇,32416351415
048830,엔피케이,정유/화학/가스,20708658838
048870,시너지이노베이션,바이오/제약/신약개발,237415431890
048910,대원미디어,엔터테인먼트,137110511400
049070,인탑스,IT하드웨어/반도체,285864000000
049080,기가레인,IT하드웨어/반도체,43884690399
049120,파인디앤씨,자동차 부품,52324820464
049430,코메론,조선/기계/중공업,88218000000
049470,SGA,IT소프트웨어,20542924901
049480,오픈베이스,IT소프트웨어,80441300480
049520,유아이엘,IT하드웨어/반도체,125603638580
049550,잉크테크,디스플레이 소재,72053067975
049630,재영솔루텍,IT하드웨어/반도체,77087000146
049720,고려신용정보,기타금융,139997000000
049770,동원F&B,음식료,694642320000
049800,우진플라임,조선/기계/중공업,43500000000
049830,승일,건자재,46297445600
049950,미래컴퍼니,디스플레이 장비,162689959800
049960,쎌바이오텍,바이오/제약/신약개발,121542000000
050090,비케이홀딩스,지주회사,15135322275
050110,캠시스,자동차 부품,52341299662
050120,ES큐브,바이오/제약/신약개발,35063162310
050760,에스폴리텍,건자재,30186484944
050860,아세아텍,조선/기계/중공업,44887500000
050890,쏠리드,통신,413003761560
050960,수산아이앤티,IT소프트웨어,106598290000
051160,지어소프트,IT소프트웨어,147316573600
051360,토비스,IT하드웨어/반도체,257072928000
051370,인터플렉스,IT하드웨어/반도체,198050237280
051380,피씨디렉트,IT하드웨어/반도체,38810382160
051390,YW,의류,41447093200
051490,나라엠앤디,전력기기,59498000000
051500,CJ프레시웨이,음식료,278982271000
051600,한전KPS,전력기기,1892250000000
051630,진양화학,정유/화학/가스,47488000000
051780,큐로홀딩스,엔터테인먼트,14549645370
051900,LG생활건강,화장품,4990013941500
051910,LG화학,정유/화학/가스,15847981003500
051980,중앙첨단소재,이차전지 소재,474907724835
052020,에스티큐브,바이오/제약/신약개발,439172059860
052220,iMBC,미디어,99360000000
052260,현대바이오랜드,헬스케어,129000000000
052300,오션인더블유,기타,44355326090
052330,코텍,IT하드웨어/반도체,156512337780
052400,코나아이,IT소프트웨어,479132273900
052420,오성첨단소재,정유/화학/가스,138684065061
052460,아이크래프트,IT소프트웨어,34474728960
052600,한네트,기타금융,47931536500
052690,한전기술,원자력,2465190000000
052710,아모텍,IT하드웨어/반도체,117505476360
052790,액토즈소프트,게임,75575355460
052860,아이앤씨,IT하드웨어/반도체,33207045586
052900,KX하이텍,반도체 소재,50643808123
053030,바이넥스,바이오/제약/신약개발,521966482360
053050,지에스이,정유/화학/가스,84714961525
053060,세동,자동차 부품,18593262207
053080,케이엔솔,자동차 부품,154697703300
053160,프리엠스,디스플레이 부품,61560000000
053210,스카이라이프,미디어,208863387225
053260,금강철강,철강/비철금속,76377600000
053270,구영테크,자동차 부품,62906879475
053280,예스24,유통/소매,109000000000
053290,NE능률,미디어,46604185740
053300,한국정보인증,IT소프트웨어,186741988400
053350,이니텍,IT소프트웨어,172576787520
053450,세코닉스,IT하드웨어/반도체,81360416500
053580,웹케시,IT소프트웨어,155862314640
053610,프로텍,반도체 장비,262350000000
053620,태양,건자재,55986000000
053690,한미글로벌,건설,175539951000
053700,삼보모터스,자동차 부품,94711566600
053800,안랩,IT소프트웨어,751039155000
053950,경남제약,바이오/제약/신약개발,52280582502
053980,오상자이엘,바이오/제약/신약개발,63117753475
054040,한국컴퓨터,IT하드웨어/반도체,74570785600
054050,농우바이오,기타,122152874820
054090,삼진엘앤디,자동차 부품,20017304064
054180,메디콕스,바이오/제약/신약개발,14752334374
054210,이랜텍,IT하드웨어/반도체,127720610500
054220,비츠로시스,전력기기,19904422892
054300,팬스타엔터프라이즈,운송/항공/물류,53404017912
054450,텔레칩스,IT하드웨어/반도체,212019262000
054540,삼영엠텍,자동차 부품,75530000000
054620,APS,디스플레이 장비,118171672740
054670,대한뉴팜,바이오/제약/신약개발,100627989200
054780,키이스트,엔터테인먼트,86303506095
054800,아이디스홀딩스,지주회사,92715893760
054920,한컴위드,IT소프트웨어,82817132735
054930,유신,건설,68700000000
054940,엑사이엔씨,홈리빙/가구,27335003552
054950,제이브이엠,헬스케어,281694483600
055490,테이팩스,이차전지 소재,68062905500
055550,신한지주,은행,25046404918750
056080,유진로봇,로봇,280966018480
056090,시지메드텍,진단기기/의료기기,102432963712
056190,에스에프에이,디스플레이 장비,746902208000
056360,코위버,통신,53490528000
056700,신화인터텍,IT하드웨어/반도체,48043765059
056730,CNT85,바이오/제약/신약개발,52322497316
057030,YBM넷,미디어,69655216190
057050,현대홈쇼핑,유통/소매,589200000000
057540,옴니시스템,전력기기,60697791455
057680,티사이언티픽,창업투자/VC,62769929381
058110,멕아이씨에스,진단기기/의료기기,30191046930
058400,KNN,미디어,109386948720
058430,포스코스틸리온,철강/비철금속,222900000000
058450,한주에이알티,자동차 부품,12796482165
058470,리노공업,IT하드웨어/반도체,2926535040000
058610,에스피지,로봇,571067020000
058630,엠게임,게임,100455527780
058650,세아홀딩스,지주회사,362000000000
058730,다스코,건설,59398333560
058820,CMG제약,바이오/제약/신약개발,359730911960
058850,KTcs,IT소프트웨어,121011975000
058860,KTis,IT소프트웨어,88919110000
058970,엠로,IT소프트웨어,719250929900
059090,미코,반도체 장비,341185303380
059100,아이컴포넌트,디스플레이 소재,36909889200
059120,아진엑스텍,반도체 장비,72432068280
059210,메타바이오메드,헬스케어,112749608475
059270,해성에어로보틱스,로봇,75088985260
060150,인선이엔티,유틸리티,239336965680
060230,소니드,IT하드웨어/반도체,38631477669
060250,NHN KCP,IT소프트웨어,314055978020
060260,뉴보텍,건설,23105535390
060280,큐렉소,헬스케어,348032215300
060310,3S,전력기기,132117009600
060370,LS마린솔루션,조선/기계/중공업,587712683460
060380,동양에스텍,철강/비철금속,26811700000
060480,국일신동,철강/비철금속,18520300000
060540,에스에이티,방위산업,37083161214
060560,홈센타홀딩스,건자재,118221980150
060570,드림어스컴퍼니,엔터테인먼트,124624352304
060590,씨티씨바이오,바이오/제약/신약개발,169025329800
060720,KH바텍,IT하드웨어/반도체,224935699000
060850,영림원소프트랩,IT소프트웨어,44151330000
060900,DGP,화학/정유/가스,33037763532
060980,HL홀딩스,지주회사,339009765850
061040,알에프텍,IT하드웨어/반도체,115681778695
061250,화일약품,바이오/제약/신약개발,91742240871
061970,LB세미콘,IT하드웨어/반도체,199224710580
062040,산일전기,전력기기,1520737740000
062970,한국첨단소재,자동차 부품,96710408200
063080,컴투스홀딩스,게임,134541916800
063160,종근당바이오,바이오/제약/신약개발,128097212700
063170,서울옥션,유통/소매,126552781040
063440,SM Life Design,엔터테인먼트,70700780544
063570,NICE인프라,IT소프트웨어,173470458240
063760,이엘피,디스플레이 장비,19676024300
064090,인크레더블버즈,AI,194494132950
064240,홈캐스트,기타,92500351680
064260,다날,IT소프트웨어,198917980400
064290,인텍플러스,반도체 장비,134042484040
064350,현대로템,조선/기계/중공업,12409478714100
064400,LG씨엔에스,IT소프트웨어,5105889459600
064480,브리지텍,IT소프트웨어,64782550000
064520,테크엘,반도체 소재,54648346590
064550,바이오니아,바이오/제약/신약개발,420965846210
064760,티씨케이,반도체 소재,1042577500000
064800,포니링크,IT소프트웨어,131513709642
064820,케이프,창업투자/VC,210131750400
064850,에프앤가이드,기타금융,83295423600
064960,SNT모티브,자동차 부품,727203452800
065060,지엔코,의류,13825029632
065130,탑엔지니어링,디스플레이 장비,70384377420
065170,비엘팜텍,바이오/제약/신약개발,26816440125
065350,신성델타테크,전력기기,1673772433200
065370,위세아이텍,IT소프트웨어,71107477020
065420,에스아이리소스,유통/소매,20828994009
065440,이루온,통신,42494481160
065450,빅텍,방위산업,116616896000
065500,오리엔트정공,자동차 부품,364726058880
065510,휴비츠,진단기기/의료기기,93383969280
065530,와이어블,IT하드웨어/반도체,69246600000
065660,안트로젠,바이오/제약/신약개발,207126270000
065680,우주일렉트로,IT하드웨어/반도체,279986271300
065690,파커스,화장품,15398066776
065710,서호전기,전력기기,125145000000
065770,CS,통신,33542432640
065950,웰크론,홈리빙/가구,59003421180
066130,하츠,홈리빙/가구,71808000000
066310,큐에스아이,IT하드웨어/반도체,76769021880
066360,체리부로,음식료,37402571700
066410,버킷스튜디오,엔터테인먼트,99670679144
066430,와이오엠,IT하드웨어/반도체,58925981380
066570,LG전자,가전제품,11717183482400
066590,우수AMS,자동차 부품,119563698240
066620,국보디자인,건설,124800000000
066670,디티씨,진단기기/의료기기,56356132770
066700,테라젠이텍스,바이오/제약/신약개발,112943223040
066790,씨씨에스,통신,78964271268
066900,디에이피,IT하드웨어/반도체,56861257500
066910,손오공,엔터테인먼트,34685648897
066970,엘앤에프,이차전지 소재,2433183658000
066980,한성크린텍,조선/기계/중공업,61906669000
067000,조이시티,게임,111845513600
067010,이씨에스,IT소프트웨어,37127880000
067080,대화제약,바이오/제약/신약개발,306430059000
067160,SOOP,미디어,936823510500
067170,오텍,자동차,39556424850
067280,멀티캠퍼스,IT소프트웨어,197954418600
067290,JW신약,바이오/제약/신약개발,84387655206
067310,하나마이크론,반도체 장비,753512060130
067370,선바이오,바이오/제약/신약개발,87303104950
067390,아스트,방위산업,228005923083
067570,엔브이에이치코리아,자동차 부품,92563150000
067630,HLB생명과학,바이오/제약/신약개발,756972222480
067730,로지시스,IT소프트웨어,29650570930
067770,세진티에스,자동차 부품,19312163900
067830,세이브존I&C,유통/소매,93573240600
067900,와이엔텍,유틸리티,117751793730
067920,이글루,IT소프트웨어,60258732120
067990,도이치모터스,유통/소매,135694207500
068050,팬엔터테인먼트,엔터테인먼트,63280963660
068100,케이웨더,IT소프트웨어,35235931630
068240,다원시스,전력기기,335838245600
068270,셀트리온,바이오/제약/신약개발,35341786198900
068290,삼성출판사,미디어,164400000000
068330,일신바이오,바이오/제약/신약개발,46117434020
068760,셀트리온제약,바이오/제약/신약개발,2118153983000
068930,디지털대성,미디어,207841818420
069080,웹젠,게임,454309606920
069140,누리플랜,건설,20243737935
069260,TKG휴켐스,정유/화학/가스,662233125600
069330,유아이디,디스플레이 장비,18278125208
069410,엔텔스,통신,43335605520
069460,대호에이엘,철강/비철금속,117285032683
069510,에스텍,자동차 부품,128628900000
069540,빛과전자,IT하드웨어/반도체,41802121732
069620,대웅제약,바이오/제약/신약개발,1496985490000
069640,한세엠케이,의류,36820251946
069730,DSR제강,철강/비철금속,53064000000
069920,엑시온그룹,지주회사,104174583360
069960,현대백화점,유통/소매,1316996916600
070300,엑스큐어,AI,38324094920
070590,한솔인티큐브,IT소프트웨어,28383620445
070960,모나용평,기타,204325998585
071050,한국금융지주,증권,4352199975200
071090,하이스틸,철강/비철금속,82785031100
071200,인피니트헬스케어,헬스케어,143939102200
071280,로체시스템즈,반도체 장비,229449045000
071320,지역난방공사,유틸리티,602094688000
071670,에이테크솔루션,자동차 부품,60700000000
071840,롯데하이마트,유통/소매,175405300160
071850,캐스텍코리아,자동차 부품,41267855538
071950,코아스,홈리빙/가구,32446499200
071970,HD현대마린엔진,조선/기계/중공업,1246614941250
072020,중앙백신,바이오/제약/신약개발,94268785120
072130,유엔젤,IT소프트웨어,66373133620
072470,우리산업홀딩스,자동차 부품,46179548745
072710,농심홀딩스,지주회사,309804372000
072770,율호,자동차 부품,122047357560
072870,메가스터디,미디어,126362165400
072950,빛샘전자,IT하드웨어/반도체,36196481950
072990,에이치시티,IT하드웨어/반도체,66066884520
073010,케이에스피,자동차 부품,175434806250
073110,엘엠에스,디스플레이 패널,54975765900
073190,듀오백,홈리빙/가구,38776449600
073240,금호타이어,자동차 부품,1358741157510
073490,이노와이어리스,통신,146526112420
073540,에프알텍,통신,18559200000
073560,우리손에프앤지,음식료,98732878918
074430,아미노로직스,바이오/제약/신약개발,85543346056
074600,원익QnC,반도체 소재,466349120000
074610,이엔플러스,이차전지 소재,37494486519
075130,플랜티넷,IT소프트웨어,50947410800
075180,새론오토모티브,자동차 부품,64896000000
075580,세진중공업,조선/기계/중공업,499138223680
075970,동국알앤에스,철강/비철금속,48024000000
076080,웰크론한텍,조선/기계/중공업,31134746968
076610,해성옵틱스,IT하드웨어/반도체,17842691798
077360,덕산하이메탈,반도체 소재,193107258500
077500,유니퀘스트,IT하드웨어/반도체,126576597720
077970,STX엔진,조선/기계/중공업,947494286800
078000,텔코웨어,IT소프트웨어,87965533040
078020,LS증권,증권,213879987450
078070,유비쿼스홀딩스,지주회사,177876860000
078140,대봉엘에스,화장품,152107863880
078150,HB테크놀러지,디스플레이 장비,189140468640
078160,메디포스트,바이오/제약/신약개발,300432152300
078340,컴투스,게임,505688873500
078350,한양디지텍,IT하드웨어/반도체,155950027860
078520,에이블씨엔씨,화장품,181058560560
078590,휴림에이텍,로봇,33726202800
078600,대주전자재료,이차전지 소재,1320494582900
078860,엔에스이엔엠,미디어,101509459470
078890,가온그룹,통신,56540278595
078930,GS,지주회사,3563304746300
079000,와토스코리아,건자재,39024000000
079160,CJ CGV,엔터테인먼트,787334179095
079170,한창산업,건설,36348000000
079190,케스피온,IT소프트웨어,18218869150
079370,제우스,반도체 장비,415627666000
079430,현대리바트,홈리빙/가구,151550381160
079550,LIG넥스원,방위산업,6853000000000
079650,서산,건설,26620000000
079810,디이엔티,디스플레이 장비,128203507080
079900,전진건설로봇,로봇,708468059750
079940,가비아,IT소프트웨어,295077911200
079950,인베니아,디스플레이 장비,14268000000
079960,동양이엔피,전력기기,156571200000
079980,휴비스,섬유/의류,95047500000
080010,이상네트웍스,IT소프트웨어,52125876300
080160,모두투어,유통/항공/물류,213570000000
080220,제주반도체,IT하드웨어/반도체,466700387150
080420,모다이노칩,IT하드웨어/반도체,175786176510
080470,성창오토텍,자동차 부품,25148500000
080520,오디텍,IT하드웨어/반도체,37119284440
080530,코디,디스플레이 부품,55302134020
080580,오킨스전자,IT하드웨어/반도체,93621603060
081000,일진다이아,기타,175264711500
081150,티플랙스,철강/비철금속,79114990520
081580,성우전자,IT하드웨어/반도체,42724933965
081660,미스토홀딩스,지주회사,2190493331550
082210,옵트론텍,IT하드웨어/반도체,58783694354
082270,젬백스,바이오/제약/신약개발,1498899408200
082640,동양생명,보험,992355297750
082740,한화엔진,조선/기계/중공업,2265589905300
082800,비보존 제약,바이오/제약/신약개발,341212775460
082850,우리바이오,헬스케어,114115241190
082920,비츠로셀,전력기기,555794775900
083310,엘오티베큠,반도체 장비,161002698320
083420,그린케미칼,정유/화학/가스,189120000000
083450,GST,반도체 장비,328054000000
083470,이엠앤아이,신재생에너지,26696751579
083500,에프엔에스테크,디스플레이 장비,82669960080
083550,케이엠,반도체 소재,39046924305
083640,인콘,기타,22461181439
083650,비에이치아이,조선/기계/중공업,674587375000
083660,CSA 코스믹,화장품,63084596430
083790,CG인바이츠,바이오/제약/신약개발,159939898560
083930,아바코,디스플레이 장비,204156204620
084010,대한제강,철강/비철금속,393127725630
084110,휴온스글로벌,헬스케어,619836021000
084180,수성웹툰,엔터테인먼트,101221142040
084370,유진테크,반도체 장비,804353074200
084440,유비온,IT소프트웨어,24778989600
084650,랩지노믹스,진단기기/의료기기,164812777800
084670,동양고속,운송/항공/물류,20558539900
084680,이월드,유통/소매,203350080762
084690,대상홀딩스,지주회사,461347734120
084730,팅크웨어,IT하드웨어/반도체,109538920640
084850,아이티엠반도체,IT하드웨어/반도체,255863495520
084870,TBH글로벌,의류,23359637280
084990,헬릭스미스,바이오/제약/신약개발,120532664155
085310,엔케이,조선/기계/중공업,70282366902
085620,미래에셋생명,보험,902782563900
085660,차바이오텍,바이오/제약/신약개발,644800372350
085670,뉴프렉스,IT하드웨어/반도체,115652099530
085810,알티캐스트,IT소프트웨어,31908088960
085910,네오티스,건자재,44103698970
086040,바이오톡스텍,바이오/제약/신약개발,49231191995
086060,진바이오텍,음식료,30050948630
086280,현대글로비스,운송/항공/물류,8490000000000
086390,유니테스트,반도체 장비,219794910400
086450,동국제약,바이오/제약/신약개발,689414169600
086520,에코프로,이차전지 소재,6924583752000
086670,비엠티,전력기기,83677845580
086710,선진뷰티사이언스,화장품,163890050400
086790,하나금융지주,은행,17579141856000
086820,바이오솔루션,바이오/제약/신약개발,228575928000
086890,이수앱지스,바이오/제약/신약개발,194868923040
086900,메디톡스,바이오/제약/신약개발,1193304259500
086960,MDS테크,IT소프트웨어,109344066264
086980,쇼박스,엔터테인먼트,199188840000
087010,펩트론,바이오/제약/신약개발,4063057840000
087260,모바일어플라이언스,자동차 부품,63868713282
087600,픽셀플러스,IT하드웨어/반도체,58390889700
088130,동아엘텍,디스플레이 장비,53942193690
088260,이리츠코크렙,기타금융,291054606050
088280,쏘닉스,IT하드웨어/반도체,44737276650
088290,이원컴포텍,자동차 부품,45305593374
088340,유라클,IT소프트웨어,94828489200
088350,한화생명,보험,2240807400000
088390,이녹스,디스플레이 소재,71426272840
088790,진도,의류,22804267008
088800,에이스테크,통신,158790031403
088910,동우팜투테이블,음식료,49726145700
088980,맥쿼리인프라,유틸리티,5459710720200
089010,켐트로닉스,반도체 소재,351923240700
089030,테크윙,반도체 장비,1299906846000
089140,넥스턴바이오,바이오/제약/신약개발,31637211275
089150,케이씨티,IT하드웨어/반도체,37644250000
089230,THE E&M,엔터테인먼트,21096670251
089470,HDC현대EP,정유/화학/가스,115478000000
089590,제주항공,운송/항공/물류,548358698000
089600,KT나스미디어,미디어,174563579670
089790,제이티,반도체 장비,43789352685
089850,유비벨록스,IT소프트웨어,105615526830
089860,롯데렌탈,유통/소매,1062049599000
089890,코세스,반도체 장비,122562869180
089970,브이엠,조선/기계/중공업,306241568400
089980,상아프론테크,이차전지 소재,248149854240
090080,평화산업,자동차 부품,66706244685
090150,아이윈,IT하드웨어/반도체,34505241432
090350,노루페인트,건자재,165800000000
090360,로보스타,로봇,245700000000
090370,메타랩스,IT소프트웨어,34966183356
090410,덕신이피씨,건설,78296877405
090430,아모레퍼시픽,화장품,7007432528200
090460,비에이치,IT하드웨어/반도체,432527956450
090470,제이스텍,디스플레이 장비,76460098750
090710,휴림로봇,로봇,220475586000
090850,현대이지웰,IT소프트웨어,127043031350
091090,세원이앤씨,자동차 부품,66998498210
091120,이엠텍,IT하드웨어/반도체,220329556960
091340,S&K폴리텍,이차전지 소재,29727451340
091440,한울소재과학,디스플레이 소재,83946294770
091580,상신이디피,이차전지 장비,102227439730
091590,남화토건,건설,47429600000
091700,파트론,IT하드웨어/반도체,399570000000
091810,티웨이항공,운송/항공/물류,469526167680
091970,나노캠텍,디스플레이 소재,21851815912
092040,아미코젠,바이오/제약/신약개발,186512196330
092070,디엔에프,반도체 소재,130414839660
092130,이크레더블,IT소프트웨어,177763536000
092190,서울바이오시스,IT하드웨어/반도체,146778825600
092200,디아이씨,자동차 부품,188609559650
092220,KEC,IT하드웨어/반도체,153583802865
092230,KPX홀딩스,지주회사,253478760000
092300,현우산업,IT하드웨어/반도체,55925083920
092440,기신정기,자동차 부품,71832000000
092460,한라IMS,IT소프트웨어,162028669600
092730,네오팜,화장품,212050294470
092780,DYP,자동차 부품,60574916000
092790,넥스틸,철강/비철금속,348166780000
092870,엑시콘,반도체 장비,141209623540
093050,LF,의류,430705200000
093190,빅솔론,IT하드웨어/반도체,98695582650
093230,이아이디,기타금융,354103029120
093240,형지엘리트,의류,92328572895
093320,케이아이엔엑스,IT소프트웨어,376736000000
093370,후성,정유/화학/가스,480503878400
093380,풍강,자동차 부품,26229576015
093520,매커스,IT하드웨어/반도체,172136929800
093640,케이알엠,IT소프트웨어,109232525400
093920,서원인텍,IT하드웨어/반도체,99882000000
094170,동운아나텍,IT하드웨어/반도체,437017662400
094280,효성ITX,IT소프트웨어,138467236000
094360,칩스앤미디어,IT소프트웨어,364925502720
094480,갤럭시아머니트리,IT소프트웨어,316977091040
094800,맵스리얼티1,기타금융,394545906750
094820,일진파워,전력기기,139478058250
094840,슈프리마에이치큐,IT소프트웨어,75606684800
094850,참좋은여행,유통/소매,90300000000
094860,네오리진,게임,20286791412
094940,푸른기술,전력기기,63546533600
094970,제이엠티,IT하드웨어/반도체,39777070000
095190,이엠코리아,조선/기계/중공업,140962597920
095270,웨이브일렉트로,IT하드웨어/반도체,76952255840
095340,ISC,반도체 장비,1121324368200
095500,미래나노텍,디스플레이 소재,254902191780
095570,AJ네트웍스,운송/항공/물류,169697846250
095610,테스,반도체 장비,436877794600
095660,네오위즈,게임,508170972000
095700,제넥신,바이오/제약/신약개발,217911263790
095720,웅진씽크빅,미디어,183654516150
095910,에스에너지,신재생에너지,33414066378
096040,이트론,IT하드웨어/반도체,245561580945
096240,크레버스,미디어,157716628800
096250,와이즈넛,AI,181873319040
096350,대창솔루션,조선/기계/중공업,60919095348
096530,씨젠,진단기기/의료기기,1391822740100
096610,알에프세미,IT하드웨어/반도체,51550708615
096630,에스코넥,IT하드웨어/반도체,52233103328
096690,에이루트,바이오/제약/신약개발,56174723142
096760,JW홀딩스,지주회사,223622949550
096770,SK이노베이션,정유/화학/가스,14423821108000
096870,엘디티,반도체 소재,17330448000
097230,HJ중공업,조선/기계/중공업,664528762380
097520,엠씨넥스,자동차 부품,423375588600
097780,에코볼트,전력기기,72132809970
097800,윈팩,IT하드웨어/반도체,65561478927
097870,효성오앤비,음식료,55185000000
097950,CJ제일제당,음식료,3665694291000
098070,한텍,자동차 부품,409814045850
098120,마이크로컨텍솔,IT하드웨어/반도체,99919447320
098460,고영,반도체 장비,910362051300
098660,에스티오,화장품,28439720400
099190,아이센스,진단기기/의료기기,436179287940
099220,SDN,신재생에너지,92113234992
099320,쎄트렉아이,방위산업,481856232000
099390,브레인즈컴퍼니,IT소프트웨어,47525958570
099410,동방선기,조선/기계/중공업,52010000000
099430,바이오플러스,바이오/제약/신약개발,469477353840
099440,스맥,조선/기계/중공업,113486371080
099750,이지케어텍,헬스케어,122889272480
100030,인지소프트,IT소프트웨어,52211052600
100090,SK오션플랜트,조선/기계/중공업,903916323360
100120,뷰웍스,진단기기/의료기기,237412500000
100130,동국S&C,철강/비철금속,137428915000
100220,비상교육,미디어,70702271040
100250,진양홀딩스,지주회사,169921687680
100590,머큐리,통신,54771879580
100660,서암기계공업,조선/기계/중공업,45108000000
100700,세운메디칼,진단기기/의료기기,105996000000
100790,미래에셋벤처투자,창업투자/VC,257920098070
100840,SNT에너지,신재생에너지,714521052650
101000,KS인더스트리,자동차 부품,76525144600
101140,인바이오젠,바이오/제약/신약개발,90699270480
101160,월덱스,반도체 소재,301160512320
101170,우림피티에스,자동차 부품,70875000000
101240,씨큐브,AI,45965509415
101330,모베이스,자동차 부품,72565935915
101360,에코앤드림,이차전지 소재,468664103900
101400,엔시트론,IT하드웨어/반도체,25173128657
101490,에스앤에스텍,반도체 소재,791558394300
101530,해태제과식품,음식료,205855931540
101670,하이드로리튬,기타금융,94526597650
101680,한국정밀기계,조선/기계/중공업,25127960000
101730,위메이드맥스,게임,580549312000
101930,인화정공,자동차 부품,399052919500
101970,우양에이치씨,음식료,312775743500
102120,어보브반도체,IT하드웨어/반도체,187053521560
102260,동성케미컬,정유/화학/가스,201710699820
102280,쌍방울,의류,70637274900
102370,케이옥션,유통/소매,96799841550
102460,이연제약,바이오/제약/신약개발,212447249730
102710,이엔에프테크놀로지,디스플레이 소재,378627654000
102940,코오롱생명과학,바이오/제약/신약개발,348476005350
103140,풍산,철강/비철금속,1600186273800
103230,에스앤더블류,방위산업,27684000000
103590,일진전기,전력기기,1146833629500
103840,우양,음식료,52208905320
104040,대성파인텍,자동차 부품,44533162741
104200,NHN벅스,미디어,48041262000
104460,디와이피엔에프,조선/기계/중공업,154704745000
104480,티케이케미칼,정유/화학/가스,142705831380
104540,코렌텍,진단기기/의료기기,79655160200
104620,노랑풍선,유통,77626417400
104700,한국철강,철강/비철금속,308002500000
104830,원익머트리얼즈,반도체 소재,246360320000
105330,케이엔더블유,건자재,69138420540
105550,엣지파운드리,IT하드웨어/반도체,314559630795
105560,KB금융,은행,34197619958700
105630,한세실업,의류,445600000000
105740,디케이락,조선/기계/중공업,81348104000
105760,포스뱅크,IT하드웨어/반도체,65944508400
105840,우진,원자력,158551709500
106080,케이이엠텍,IT하드웨어/반도체,48913614890
106190,하이텍팜,바이오/제약/신약개발,139932556680
106240,파인테크닉스,IT하드웨어/반도체,20586200740
106520,노블엠앤비,화장품,15904036272
107590,미원홀딩스,지주회사,170288000000
107600,새빗켐,이차전지 소재,96780628260
107640,한중엔시에스,이차전지 장비,240035569000
108230,톱텍,디스플레이 장비,160648210125
108320,LX세미콘,IT하드웨어/반도체,863634330000
108380,대양전기공업,전력기기,185127893550
108490,로보티즈,로봇,461121834000
108670,LX하우시스,건자재,263649498000
108860,셀바스AI,AI,362273073400
109070,주성코퍼레이션,반도체 장비,62421691860
109080,옵티시스,IT하드웨어/반도체,49878600000
109610,에스와이,건자재,184625435000
109670,씨싸이트,철강/비철금속,40272553800
109740,디에스케이,반도체 장비,124309735650
109820,진매트릭스,진단기기/의료기기,49148672400
109860,동일금속,자동차 부품,72709000000
109960,AP헬스케어,헬스케어,79512550524
110020,전진바이오팜,바이오/제약/신약개발,22329848330
110790,크리스에프앤씨,의류,104502081600
110990,디아이티,반도체 장비,257040000000
111110,호전실업,의류,79559869440
111380,동인기연,의류,102950400000
111710,남화산업,음식료,106439960000
111770,영원무역,의류,2091501289600
112040,위메이드,게임,964136917200
112290,와이씨켐,반도체 소재,227487262500
112610,씨에스윈드,신재생에너지,1606730454300
113810,디젠스,IT하드웨어/반도체,49431497265
114090,GKL,엔터테인먼트,742268040000
114190,강원에너지,이차전지 소재,193049250820
114450,그린생명과학,바이오/제약/신약개발,32260000000
114630,폴라리스우노,IT소프트웨어,39578591932
114810,한솔아이원스,디스플레이 장비,231740865040
114840,아이패밀리에스씨,화장품,361119915000
115160,휴맥스,IT하드웨어/반도체,55050595248
115180,큐리언트,바이오/제약/신약개발,330294166200
115310,인포바인,IT소프트웨어,101214391100
115440,우리넷,통신,74588557720
115450,HLB테라퓨틱스,바이오/제약/신약개발,649536128010
115480,씨유메디칼,진단기기/의료기기,38496594330
115500,케이씨에스,IT소프트웨어,133800000000
115530,씨엔플러스,바이오/제약/신약개발,21272419000
115570,스타플렉스,정유/화학/가스,19801579840
115610,이미지스,IT하드웨어/반도체,26756956571
117580,대성에너지,유틸리티,214775000000
117730,티로보틱스,로봇,218623527600
118000,메타케어,헬스케어,54376530120
118990,모트렉스,자동차 부품,218039652300
119500,포메탈,철강/비철금속,37437253120
119610,인터로조,헬스케어,329090302200
119650,KC코트렐,환경 관련 (제공하신 리스트에 정확히 매칭되는 항목이 없어 유사한 범주를 찾기 어려움),29474377011
119830,아이텍,IT하드웨어/반도체,127039126000
119850,지엔씨에너지,전력기기,365988225250
120030,조선선재,철강/비철금속,126645455700
120110,코오롱인더,정유/화학/가스,833828457300
120240,대정화금,정유/화학/가스,93546986910
121440,골프존홀딩스,엔터테인먼트,199833755970
121600,나노신소재,디스플레이 소재,678101936800
121850,코이즈,디스플레이 소재,43992569475
121890,에스디시스템,IT하드웨어/반도체,26170857174
122310,제노레이,진단기기/의료기기,81064911080
122350,삼기,자동차 부품,44205360484
122450,KX,IT소프트웨어,177263619240
122640,예스티,디스플레이 장비,350160706840
122690,서진오토모티브,자동차 부품,41853889560
122870,와이지엔터테인먼트,엔터테인먼트,1186881611500
122900,아이마켓코리아,유통,265759278000
122990,와이솔,IT하드웨어/반도체,187059563080
123010,아이윈플러스,IT하드웨어/반도체,35467176612
123040,엠에스오토텍,자동차 부품,150307917600
123330,제닉,화장품,184474942000
123410,코리아에프티,자동차 부품,131688232720
123420,위메이드플레이,게임,78224322440
123570,이엠넷,미디어,56024336170
123690,한국화장품,화장품,111672600000
123700,SJM,음식료,48141110330
123750,알톤,기타,19272401064
123860,아나패스,IT하드웨어/반도체,242104597550
123890,한국자산신탁,기타금융,283295638690
124500,아이티센,IT소프트웨어,148741018070
124560,태웅로직스,운송/항공/물류,109768510680
125210,아모그린텍,IT하드웨어/반도체,97825964700
126340,비나텍,이차전지 소재,164408900400
126560,현대퓨처넷,미디어,315180422700
126600,BGF에코머티리얼즈,건자재,185162352050
126640,화신정공,자동차 부품,48086278614
126700,하이비젼시스템,디스플레이 장비,240717424320
126720,수산인더스트리,조선/기계/중공업,281862780000
126730,코칩,IT하드웨어/반도체,105272834800
126880,제이엔케이글로벌,신재생에너지,99781082900
127120,제이에스링크,IT하드웨어/반도체,219703353900
127710,아시아경제,미디어,45794155584
127980,화인써키트,IT하드웨어/반도체,70688883480
128540,에코캡,자동차 부품,51459206880
128660,피제이메탈,철강/비철금속,76766427055
128820,대성산업,유틸리티,144301174820
128940,한미약품,바이오/제약/신약개발,3074637840000
129260,인터지스,운송/항공/물류,81211696020
129890,앱코,IT하드웨어/반도체,50845983640
129920,대성하이텍,조선/기계/중공업,60963410585
130500,GH신소재,건자재,37598959420
130580,나이스디앤비,기타금융,73689000000
130660,한전산업,전력기기,378486000000
130740,티피씨글로벌,로봇,21628670322
131030,옵투스제약,바이오/제약/신약개발,102249515460
131090,시큐브,IT소프트웨어,33160000000
131100,티엔엔터테인먼트,엔터테인먼트,41539461212
131180,딜리,조선/기계/중공업,28763000000
131220,대한과학,진단기기/의료기기,36377911200
131290,티에스이,반도체 장비,484490590200
131370,알서포트,IT소프트웨어,187233796745
131400,이브이첨단소재,디스플레이 소재,90219081348
131760,파인텍,디스플레이 장비,39088424700
131970,두산테스나,반도체,479315502400
133750,메가엠디,기타,59336940195
133820,화인베스틸,철강/비철금속,27866810672
134060,이퓨쳐,IT소프트웨어,21032392500
134380,미원화학,정유/화학/가스,174621879200
134580,탑코미디어,미디어,103764183645
134790,시디즈,홈리빙/가구,56300000000
136410,아셈스,IT하드웨어/반도체,96527368560
136480,하림,음식료,326063785140
136490,선진,음식료,141488643800
136540,윈스테크넷,IT소프트웨어,145760585020
137080,나래나노텍,디스플레이 장비,37602034800
137310,에스디바이오센서,진단기기/의료기기,1132266648600
137400,피엔티,이차전지 장비,988899531900
137940,넥스트아이,미용기기,55916689760
137950,제이씨케미칼,정유/화학/가스,92077410890
138040,메리츠금융지주,지주회사,21989334504300
138070,신진에스엠,자동차 부품,42270237660
138080,오이솔루션,통신,95085650250
138360,협진,의류,42739851232
138490,코오롱ENP,정유/화학/가스,240160000000
138610,나이벡,바이오/제약/신약개발,226032177750
138930,BNK금융지주,지주회사,3365313795830
139130,iM금융지주,지주회사,1615674408430
139480,이마트,유통,2545062274700
139670,키네마스터,IT소프트웨어,38544351300
139990,아주스틸,철강/비철금속,150564783390
140070,서플러스글로벌,반도체 장비,96168800000
140410,메지온,바이오/제약/신약개발,1162784425000
140430,카티스,자동차 부품,55682968385
140520,대창스틸,철강/비철금속,45068233805
140670,알에스오토메이션,전력기기,140291351200
140860,파크시스템스,반도체 장비,1509835032000
140910,에이리츠,기타금융,13969290160
141000,비아트론,디스플레이 장비,91587207600
141080,리가켐바이오,바이오/제약/신약개발,4082052687000
142210,유니트론텍,IT하드웨어/반도체,116053934760
142280,녹십자엠에스,진단기기/의료기기,83162866950
142760,모아라이프플러스,기타금융,49092989111
143160,아이디스,IT하드웨어/반도체,175320140400
143210,핸즈코퍼레이션,자동차 부품,36094982550
143240,사람인,IT소프트웨어,186762744850
143540,영우디에스피,반도체 장비,25511139940
144510,지씨셀,바이오/제약/신약개발,334967292800
144960,뉴파워프라즈마,반도체 장비,206229185280
145020,휴젤,바이오/제약/신약개발,4537451880000
145170,노브랜드,음식료,94010731800
145210,다이나믹디자인,방위산업,27734512974
145270,케이탑리츠,기타금융,45849978396
145720,덴티움,진단기기/의료기기,819093420000
145990,삼양사,음식료,492467189750
146060,율촌,건설,30499805650
146320,비씨엔씨,화장품,111469909330
147760,피엠티,반도체 장비,28780843560
147830,제룡산업,전력기기,121400000000
148150,세경하이테크,디스플레이 소재,261781131700
148250,알엔투테크놀로지,반도체 소재,71605773760
148780,비큐AI,AI,40156190825
148930,에이치와이티씨,이차전지 장비,42328886080
149950,아바텍,디스플레이 패널,129074025000
150900,파수,IT소프트웨어,57842838900
151860,KG에코솔루션,건설,280378141420
152550,한국ANKOR유전,기타,18485280000
153460,네이블,IT소프트웨어,46558999820
153490,우리이앤엘,건자재,35830080000
153710,옵티팜,바이오/제약/신약개발,77457378240
154030,아시아종묘,기타,24545899345
154040,다산솔루에타,통신,19296351050
155650,와이엠씨,디스플레이 소재,67283906890
155660,DSR,철강/비철금속,63840000000
156100,엘앤케이바이오,진단기기/의료기기,136367322120
158430,아톤,IT소프트웨어,140857473680
159010,아스플로,반도체 장비,69340642800
159580,제로투세븐,유통/소매,127407564960
159910,스킨앤스킨,화장품,37694498310
160190,하이젠알앤엠,로봇,1047103200000
160550,NEW,엔터테인먼트,57067986770
160980,싸이맥스,반도체 장비,126830461230
161000,애경케미칼,정유/화학/가스,504000625240
161390,한국타이어앤테크놀로지,자동차 부품,4992165280700
161580,필옵틱스,디스플레이 장비,746074863200
161890,한국콜마,화장품,1760938744200
162300,신스틸,철강/비철금속,99738673710
163280,에어레인,AI,165948216700
163560,동일고무벨트,자동차 부품,99246000000
163730,핑거,IT소프트웨어,113979449360
166090,하나머티리얼즈,반도체 소재,564652592700
166480,코아스템켐온,바이오/제약/신약개발,117018538560
168330,내츄럴엔도텍,바이오/제약/신약개발,61286957000
168360,펨트론,반도체 장비,209263831720
169330,엠브레인,미디어,40621642550
170030,현대공업,자동차 부품,93727400000
170790,파이오링크,IT소프트웨어,53067994200
170900,동아에스티,바이오/제약/신약개발,425545347500
170920,엘티씨,이차전지 소재,102845916320
171010,램테크놀러지,반도체 소재,57552476800
171090,선익시스템,디스플레이 장비,367174692500
171120,라이온켐텍,정유/화학/가스,84010118400
172670,에이엘티,IT하드웨어/반도체,75982996320
173130,오파스넷,통신,111025485230
173940,에프엔씨엔터,엔터테인먼트,51258050640
175140,휴먼테크놀로지,건자재,118782477480
175250,아이큐어,바이오/제약/신약개발,76806862560
175330,JB금융지주,지주회사,3310009082040
176750,듀켐바이오,바이오/제약/신약개발,321259433800
177350,베셀,디스플레이 장비,19107742152
177830,파버나인,IT하드웨어/반도체,39999146530
177900,쓰리에이로직스,IT하드웨어/반도체,76757164000
178320,서진시스템,전력기기,1172769840900
178780,일월지엠엘,홈리빙/가구,55170440100
178920,PI첨단소재,디스플레이 소재,486306292320
179290,엠아이텍,진단기기/의료기기,263780275700
179530,애드바이오텍,바이오/제약/신약개발,19845123368
179900,유티아이,IT하드웨어/반도체,360847842900
180640,한진칼,지주회사,5394392143200
181710,NHN,IT소프트웨어,720906726050
182360,큐브엔터,엔터테인먼트,282046812000
183190,아세아시멘트,건자재,404465519100
183300,코미코,반도체 장비,656930955200
183490,엔지켐생명과학,바이오/제약/신약개발,102759198896
184230,SGA솔루션즈,IT소프트웨어,30689943141
185490,아이진,바이오/제약/신약개발,89738882880
185750,종근당,바이오/제약/신약개발,1087659064000
186230,그린플러스,농업,84303851360
187220,디티앤씨,IT하드웨어/반도체,35620473945
187270,신화콘텍,IT하드웨어/반도체,35807772850
187420,HLB제넥스,바이오/제약/신약개발,104597816380
187660,현대ADM,음식료,73640463627
187870,디바이스,반도체 장비,78247092080
188260,세니젠,바이오/제약/신약개발,18902449050
189300,인텔리안테크,통신,413770025700
189330,씨이랩,AI,49773960280
189690,포시에스,IT소프트웨어,61884259785
189860,서전기전,전력기기,42577644200
189980,흥국에프엔비,음식료,73933877334
190510,나무가,IT하드웨어/반도체,197275921560
190650,코리아에셋투자증권,증권,39861120000
191410,육일씨엔에쓰,IT하드웨어/반도체,22968722750
191420,테고사이언스,바이오/제약/신약개발,127389782140
192080,더블유게임즈,게임,1216668279600
192250,케이사인,IT소프트웨어,63604125000
192390,윈하이텍,건설,34972165930
192400,쿠쿠홀딩스,가전제품,832155129000
192410,오늘이엔엠,엔터테인먼트,12811977000
192440,슈피겐코리아,유통,165666073950
192650,드림텍,IT하드웨어/반도체,447785266500
192820,코스맥스,화장품,1929416530000
193250,링크드,IT하드웨어/반도체,35334444366
194370,제이에스코퍼레이션,의류,206890147200
194480,데브시스터즈,게임,472802850000
194700,노바렉스,헬스케어,184360155840
195500,마니커에프앤지,음식료,54165420000
195870,해성디에스,IT하드웨어/반도체,413950000000
195940,HK이노엔,바이오/제약/신약개발,1236599742150
195990,에이비프로바이오,바이오/제약/신약개발,91100710720
196170,알테오젠,바이오/제약/신약개발,19674647532000
196450,코아시아씨엠,IT하드웨어/반도체,29185810808
196490,디에이테크놀로지,이차전지 장비,36245520080
196700,웹스,자동차 부품,20813644656
197140,디지캡,IT소프트웨어,33769134630
198080,엔피디,미용기기,48561842175
198440,강동씨앤엘,화장품,75129027768
198940,한주라이트메탈,자동차 부품,30671306664
199430,케이엔알시스템,로봇,84442130010
199480,뱅크웨어글로벌,IT소프트웨어,45659403760
199550,레이저옵텍,미용기기,116111785240
199730,바이오인프라,바이오/제약/신약개발,30305006410
199800,툴젠,바이오/제약/신약개발,334125662750
199820,제일일렉트릭,전력기기,197535800000
200130,콜마비앤에이치,헬스케어,379166542620
200230,텔콘RF제약,바이오/제약/신약개발,53150601660
200350,아티스트스튜디오,엔터테인먼트,173730914500
200470,에이팩트,IT하드웨어/반도체,97644624365
200670,휴메딕스,바이오/제약/신약개발,448074207000
200710,에이디테크놀로지,IT하드웨어/반도체,207795108120
200780,비씨월드제약,바이오/제약/신약개발,47999663200
200880,서연이화,자동차 부품,323260106520
201490,미투온,게임,56495181028
203400,에이비온,바이오/제약/신약개발,197884537650
203450,유니온바이오메트릭스,헬스케어,40265960020
203650,드림시큐리티,IT소프트웨어,169529275900
204020,그리티,의류,53793638100
204210,스타에스엠리츠,기타금융,15927568525
204270,제이앤티씨,자동차 부품,846901542240
204320,HL만도,자동차 부품,1739761296000
204610,티쓰리,IT소프트웨어,106967020360
204620,글로벌텍스프리,유통,379529982000
204840,지엘팜텍,바이오/제약/신약개발,103287306452
205100,엑셈,IT소프트웨어,151842839410
205470,휴마시스,진단기기/의료기기,181125012600
205500,넥써쓰,IT소프트웨어,137200554155
206400,베노티앤알,화장품,63317146704
206560,덱스터,엔터테인먼트,166446870800
206640,바디텍메드,진단기기/의료기기,412189128000
206650,유바이오로직스,바이오/제약/신약개발,449371976100
207760,미스터블루,엔터테인먼트,113486983578
207940,삼성바이오로직스,바이오/제약/신약개발,73665090000000
208140,정다운,음식료,89227991580
208350,지란지교시큐리티,IT소프트웨어,23510540340
208370,셀바스헬스케어,헬스케어,119693622600
208640,썸에이지,게임,40518913914
208710,포톤,IT소프트웨어,43626239568
209640,와이제이링크,IT하드웨어/반도체,114910309840
210120,캔버스엔,AI,137958239250
210540,디와이파워,조선/기계/중공업,130733822720
210980,SK디앤디,건설,167556438000
211050,인카금융서비스,보험,401790036000
211270,AP위성,방위산업,186115631360
212560,네오오토,자동차 부품,69850921810
212710,아이에스티이,반도체 장비,96182965980
213420,덕산네오룩스,디스플레이 소재,766041872150
213500,한솔제지,기타,200400849920
214150,클래시스,미용기기,4159609346500
214180,헥토이노베이션,IT소프트웨어,163007693460
214260,라파스,바이오/제약/신약개발,146239168570
214270,FSN,미디어,54464258394
214320,이노션,미디어,719200000000
214330,금호에이치티,자동차 부품,141397240591
214370,케어젠,화장품,1337503500000
214390,경보제약,바이오/제약/신약개발,132444004400
214420,토니모리,화장품,209276751300
214430,아이쓰리시스템,IT하드웨어/반도체,387318420000
214450,파마리서치,바이오/제약/신약개발,3946354800000
214610,미코바이오메드,진단기기/의료기기,25186261872
214680,디알텍,진단기기/의료기기,148400584270
215000,골프존,엔터테인먼트,414177390000
215100,로보로보,로봇,92890692510
215200,메가스터디교육,기타,499230612450
215360,우리산업,자동차 부품,87394799910
215380,우정바이오,바이오/제약/신약개발,26102672376
215480,토박스코리아,의류,27999000000
215600,신라젠,바이오/제약/신약개발,528863431250
215790,이노인스트루먼트,통신,18651097987
216050,인크로스,미디어,92471198400
216080,제테마,헬스케어,274927453060
217190,제너셈,반도체 장비,66382647180
217270,넵튠,게임,386222587610
217330,싸이토젠,진단기기/의료기기,100266586245
217500,러셀,반도체 장비,54748452000
217730,강스템바이오텍,바이오/제약/신약개발,136211582070
217820,원익피앤이,이차전지 장비,106060939365
218150,미래생명자원,음식료,78702916710
218410,RFHIC,IT하드웨어/반도체,396472096740
219130,타이거일렉,IT하드웨어/반도체,92188634000
219420,링크제니시스,IT소프트웨어,63885153990
220100,퓨쳐켐,바이오/제약/신약개발,421709117400
220180,핸디소프트,IT소프트웨어,53372000000
220260,켐트로스,정유/화학/가스,127347082065
221800,유투바이오,바이오/제약/신약개발,36062591220
221840,하이즈항공,운송/항공/물류,28593157769
221980,케이디켐,정유/화학/가스,43817928000
222040,코스맥스엔비티,건강기능식품 (유사: 헬스케어),82718280000
222080,씨아이에스,이차전지 장비,586478539620
222110,팬젠,바이오/제약/신약개발,73003795020
222420,쎄노텍,철강/비철금속,42732617140
222800,심텍,IT하드웨어/반도체,544387303870
222980,한국맥널티,음식료,41478376080
223250,드림씨아이에스,헬스케어,69137036220
223310,딥마인드,AI,65320612500
224060,더코디,화장품,16514310400
224110,에이텍모빌리티,전력기기,90566400000
225190,LK삼양,건자재,96066796920
225220,제놀루션,진단기기/의료기기,42505896515
225430,케이엠제약,바이오/제약/신약개발,17540954450
225530,보광산업,건설,169701855090
225570,넥슨게임즈,게임,902942985540
225590,패션플랫폼,유통/소매,23440307440
226320,잇츠한불,화장품,262274607400
226330,신테카바이오,AI,112912715000
226340,본느,화장품,42246086940
226360,KH 건설,건설,60698450260
226400,오스테오닉,진단기기/의료기기,143598126950
226590,엠디바이스,진단기기/의료기기,119627314880
226950,올릭스,바이오/제약/신약개발,992721164400
227610,아우딘퓨쳐스,화장품,35547963453
227840,현대코퍼레이션홀딩스,지주회사,100018187640
227950,엔투텍,기타,38530097160
228340,동양파일,건자재,35100000000
228670,레이,진단기기/의료기기,121001813400
228760,지노믹트리,진단기기/의료기기,364704125010
228850,레이언스,진단기기/의료기기,110827973520
229000,젠큐릭스,진단기기/의료기기,28743785249
229640,LS에코에너지,전력기기,986121103800
230240,에치에프알,통신,241159080000
230360,에코마케팅,미디어,261499320990
232140,와이씨,반도체 장비,833580756000
232680,라온테크,로봇,103783457520
232830,시큐센,IT소프트웨어,25873513120
234080,JW생명과학,바이오/제약/신약개발,179722187900
234100,폴라리스세원,자동차 부품,70111027750
234300,에스트래픽,IT소프트웨어,109530455700
234340,헥토파이낸셜,IT소프트웨어,132342000000
234690,녹십자웰빙,헬스케어,141840685240
234920,자이글,가전제품,57168094750
235980,메드팩토,바이오/제약/신약개발,113450650510
236200,슈프리마,IT소프트웨어,222272135700
236810,엔비티,IT소프트웨어,53048206250
237690,에스티팜,바이오/제약/신약개발,1553787664800
237750,피앤씨테크,전력기기,27707999000
237820,플레이디,미디어,71575441200
237880,클리오,화장품,329440765190
238090,앤디포스,통신,47200312515
238120,얼라인드,헬스케어,45365416880
238200,비피도,음식료,28180100000
238490,힘스,디스플레이 장비,41459344940
239340,이스트에이드,의류,55578046040
239610,에이치엘사이언스,헬스케어,67239674050
239890,피엔에이치테크,이차전지 소재,60310032850
240550,동방메디컬,진단기기/의료기기,237249814800
240600,유진테크놀로지,반도체 장비,31384524030
240810,원익IPS,반도체 장비,1143654893300
241520,DSC인베스트먼트,창업투자/VC,199530000000
241560,두산밥캣,조선/기계/중공업,4442928612750
241590,화승엔터프라이즈,의류,480472958680
241690,유니테크노,자동차 부품,75369774480
241710,코스메카코리아,화장품,467250000000
241770,메카로,반도체 소재,124554060800
241790,티이엠씨씨엔에스,반도체 소재,56514882100
241840,에이스토리,엔터테인먼트,81853148520
242040,나무기술,IT소프트웨어,57342579448
243070,휴온스,바이오/제약/신약개발,299491625000
243840,신흥에스이씨,이차전지 장비,167728322250
244920,에이플러스에셋,보험,98343464550
246250,에스엘에스바이오,바이오/제약/신약개발,25646852226
246690,TS인베스트먼트,창업투자/VC,79637495040
246710,티앤알바이오팹,바이오/제약/신약개발,115275529800
246720,아스타,바이오/제약/신약개발,61731215000
246960,SCL사이언스,헬스케어,71905100000
247540,에코프로비엠,이차전지 소재,10122439104000
247660,나노씨엠에스,미용기기,26497912000
248070,솔루엠,IT하드웨어/반도체,810551813540
248170,샘표식품,음식료,121059579000
249420,일동제약,바이오/제약/신약개발,332540636850
250000,보라티알,IT소프트웨어,71692784460
250060,모비스,원자력,80910854710
250930,예선테크,자동차 부품,15477206360
251120,바이오에프디엔씨,화장품,124348510000
251270,넷마블,게임,3764763387600
251370,와이엠티,반도체 장비,150093068800
251630,브이원텍,반도체 장비,70547270550
251970,펌텍코리아,미용기기,675800000000
252500,세화피앤씨,화장품,33811407850
252990,샘씨엔에스,반도체 소재,283182105550
253450,스튜디오드래곤,엔터테인먼트,1372170433700
253590,네오셈,반도체 장비,454923230680
253840,수젠텍,진단기기/의료기기,95938536000
254120,자비스,로봇,49698900320
254490,미래반도체,IT하드웨어/반도체,230430480000
255220,SG,자동차 부품,247045206350
255440,야스,디스플레이 장비,94017600000
256150,한독크린텍,건자재,50370000000
256630,포인트엔지니어링,반도체 장비,69364498112
256840,한국비엔씨,바이오/제약/신약개발,288626418920
256940,킵스파마,바이오/제약/신약개발,219759091200
257370,피엔티엠에스,이차전지 장비,38077301745
257720,실리콘투,IT소프트웨어,2125723803000
258610,케일럼,바이오/제약/신약개발,51377721094
258790,소프트캠프,IT소프트웨어,33138442584
259630,엠플러스,이차전지 장비,95188615500
259960,크래프톤,게임,17870821277000
260660,알리코제약,바이오/제약/신약개발,67362257295
260930,씨티케이,화장품,85779956085
260970,에스앤디,음식료,248776844000
261200,덴티스,진단기기/의료기기,104976408000
261780,차백신연구소,바이오/제약/신약개발,80327085540
262260,에이프로,이차전지 장비,99685567280
262840,아이퀘스트,IT소프트웨어,48803700000
263020,디케이앤디,의류,44224484550
263050,유틸렉스,바이오/제약/신약개발,56357329680
263600,덕우전자,IT하드웨어/반도체,71686395000
263690,디알젬,진단기기/의료기기,61498062300
263700,케어랩스,헬스케어,58825026000
263720,디앤씨미디어,엔터테인먼트,222559885210
263750,펄어비스,게임,2235825354000
263770,유에스티,디스플레이 장비,49770361200
263800,데이타솔루션,IT소프트웨어,73879275900
263810,상신전자,전력기기,43303942720
263860,지니언스,IT소프트웨어,169879316000
263920,휴엠앤씨,헬스케어,51791661504
264450,유비쿼스,통신,109500931220
264660,씨앤지하이테크,이차전지 소재,129972069640
264850,이랜시스,가전제품,138446376840
264900,크라운제과,음식료,106577963500
265520,AP시스템,디스플레이 장비,265896725400
265560,영화테크,자동차 부품,86590458000
265740,엔에프씨,화장품,46088088000
267250,HD현대,지주회사,6035071694000
267260,HD현대일렉트릭,전력기기,10796116932500
267270,HD현대건설기계,조선/기계/중공업,1179724827600
267290,경동도시가스,유틸리티,104053915900
267320,나인테크,이차전지 장비,176638946010
267790,배럴,의류,36918180000
267850,아시아나IDT,IT소프트웨어,125541000000
267980,매일유업,음식료,285116241300
268280,미원에스씨,정유/화학/가스,762500000000
270520,앱트뉴로사이언스,바이오/제약/신약개발,183403357830
270660,에브리봇,로봇,178408346100
270870,뉴트리,헬스케어,48485180480
271560,오리온,음식료,4728521387200
271830,팸텍,이차전지 장비,46063695524
271940,일진하이솔루스,신재생에너지,500395758200
271980,제일약품,바이오/제약/신약개발,184252046160
272110,케이엔제이,디스플레이 장비,135067397850
272210,한화시스템,방위산업,7575667498900
272290,이녹스첨단소재,디스플레이 소재,472315814300
272450,진에어,운송/항공/물류,460926000000
272550,삼양패키징,기타,208501205600
273060,와이즈버즈,AI,52175207788
273640,와이엠텍,전력기기,109988980000
274090,켄코아에어로스페이스,운송/항공/물류,163678327500
274400,이노시뮬레이션,IT소프트웨어,36440389160
275630,에스에스알,IT소프트웨어,18535406120
276040,스코넥,게임,66915346420
276730,제주맥주,음식료,37468880840
277070,린드먼아시아,창업투자/VC,75306000000
277410,인산가,음식료,49326830654
277810,레인보우로보틱스,로봇,5538659459000
277880,티에스아이,이차전지 장비,127618066560
278280,천보,이차전지 소재,371500000000
278470,에이피알,화장품,2805495969500
278650,HLB바이오스텝,헬스케어,143646144889
280360,롯데웰푸드,음식료,1117997019000
281740,레이크머티리얼즈,반도체 소재,873558982920
281820,케이씨텍,반도체 장비,538982914150
282330,BGF리테일,유통/소매,1819995301800
282720,금양그린파워,신재생에너지,129193870000
282880,코윈테크,이차전지 장비,149331197400
284740,쿠쿠홈시스,가전제품,496986859500
285130,SK케미칼,정유/화학/가스,698778211500
285490,노바텍,건자재,211093586760
285800,진영,자동차 부품,45790447400
286750,나노실리칸첨단소재,이차전지 소재,59807694020
286940,롯데이노베이트,IT소프트웨어,277926471790
288620,에스퓨얼셀,신재생에너지,71328609520
288980,모아데이타,AI,43333928748
289010,아이스크림에듀,미디어,58788649090
289080,SV인베스트먼트,창업투자/VC,87813144850
289220,자이언트스텝,엔터테인먼트,142128847770
289930,웨이비스,통신,109796830610
290090,트윔,로봇,54649219800
290120,DH오토리드,자동차 부품,36693301370
290270,휴네시온,IT소프트웨어,34635657560
290520,신도기연,디스플레이 장비,30568445678
290550,디케이티,IT하드웨어/반도체,142808782200
290560,신시웨이,IT소프트웨어,26874345960
290650,엘앤씨바이오,헬스케어,485456667400
290660,네오펙트,헬스케어,42210561484
290670,대보마그네틱,이차전지 장비,101992426800
290690,소룩스,전력기기,197389884010
290740,액트로,IT하드웨어/반도체,56263411490
291230,엔피,미디어,78490479500
291650,압타머사이언스,바이오/제약/신약개발,31154188128
291810,핀텔,IT소프트웨어,24703023600
293480,하나제약,바이오/제약/신약개발,206521632520
293490,카카오게임즈,게임,1181675391620
293580,나우IB,창업투자/VC,151033550450
293780,압타바이오,바이오/제약/신약개발,198922064000
293940,신한알파리츠,기타금융,689358701100
294140,레몬,이차전지 소재,77280000000
294570,쿠콘,IT소프트웨어,212271979500
294630,서남,초전도선재,68821047330
294870,HDC현대산업개발,건설,1555412988000
295310,에이치브이엠,반도체 소재,255296419950
296640,이노룰스,IT소프트웨어,38008369680
297090,씨에스베어링,신재생에너지,164438100000
297570,알로이스,IT소프트웨어,26589095424
297890,HB솔루션,디스플레이 장비,181389466720
298000,효성화학,정유/화학/가스,147501447900
298020,효성티앤씨,섬유/의류,923960107000
298040,효성중공업,전력기기,4284629806000
298050,HS효성첨단소재,정유/화학/가스,796086759600
298380,에이비엘바이오,바이오/제약/신약개발,3348432483000
298540,더네이쳐홀딩스,의류,149725779840
298690,에어부산,운송/항공/물류,240278400000
298830,슈어소프트테크,IT소프트웨어,272040545370
299030,하나기술,이차전지 장비,161497182000
299170,더블유에스아이,IT소프트웨어,51618068397
299660,셀리드,바이오/제약/신약개발,74599023695
299900,위지윅스튜디오,엔터테인먼트,218600473752
300080,플리토,IT소프트웨어,118839247200
300120,라온피플,AI,91158252440
300720,한일시멘트,건자재,1180909257000
301300,바이브컴퍼니,AI,62616255300
302430,이노메트리,이차전지 장비,86532230400
302440,SK바이오사이언스,바이오/제약/신약개발,3170031915250
302550,리메드,헬스케어,104322662400
303030,지니틱스,IT하드웨어/반도체,35781413668
303360,프로티아,바이오/제약/신약개발,42301651275
303530,이노뎁,IT소프트웨어,52842952800
303810,동국생명과학,바이오/제약/신약개발,161040144900
304100,솔트룩스,AI,394243460000
304360,에스바이오메딕스,바이오/제약/신약개발,263880461000
304840,피플바이오,진단기기/의료기기,61562101900
305090,마이크로디지탈,진단기기/의료기기,178707837760
306040,에스제이그룹,의류,44593542560
306200,세아제강,철강/비철금속,508548590000
306620,네온테크,로봇,101705458140
307180,아이엘사이언스,전력기기,79917669970
307280,원바이오젠,바이오/제약/신약개발,41357135547
307750,국전약품,바이오/제약/신약개발,161890261200
307870,비투엔,IT소프트웨어,58071068262
307930,컴퍼니케이,창업투자/VC,98186900000
307950,현대오토에버,IT소프트웨어,3255226663400
308080,바이젠셀,바이오/제약/신약개발,64322738100
308100,형지글로벌,의류,54487991520
308170,씨티알모빌리티,자동차 부품,52004400000
308430,셀비온,바이오/제약/신약개발,223377607050
309930,오하임앤컴퍼니,홈리빙/가구,40729663870
309960,LB인베스트먼트,창업투자/VC,121193987580
310200,애니플러스,엔터테인먼트,169565646775
310210,보로노이,바이오/제약/신약개발,2033762459400
310870,디와이씨,자동차 부품,31030906500
311320,지오엘리먼트,반도체 소재,89815667200
311390,네오크레마,음식료,103887607690
311690,CJ 바이오사이언스,바이오/제약/신약개발,131699856960
312610,에이에프더블류,이차전지 소재,26131385520
313760,캐리,미디어,58042683900
314130,지놈앤컴퍼니,바이오/제약/신약개발,87194869575
314140,알피바이오,헬스케어,48271630770
314930,바이오다인,진단기기/의료기기,450330878390
315640,딥노이드,AI,160760491560
316140,우리금융지주,지주회사,12846832967300
317120,라닉스,통신,23908500000
317240,TS트릴리온,유통/소매,27453676032
317330,덕산테코피아,디스플레이 소재,486318870000
317400,자이에스앤디,건설,132248393200
317530,캐리소프트,IT소프트웨어,61541853020
317690,퀀타매트릭스,진단기기/의료기기,69401905425
317770,엑스페릭스,IT소프트웨어,112083186540
317830,에스피시스템스,로봇,86836973080
317850,대모,조선/기계/중공업,68509976600
317870,엔바이오니아,신재생에너지,161032777500
318000,KBG,건자재,42127874860
318010,팜스빌,헬스케어,28109503210
318020,포인트모바일,IT하드웨어/반도체,44191329280
318160,셀바이오휴먼텍,헬스케어,58158458280
318410,비비씨,IT하드웨어/반도체,43108685680
319400,현대무벡스,조선/기계/중공업,525592718460
319660,피에스케이,반도체 장비,541967218940
320000,한울반도체,반도체 장비,81519802705
321260,프로이천,이차전지 장비,62727386900
321370,센서뷰,IT하드웨어/반도체,54015773440
321550,티움바이오,바이오/제약/신약개발,118602305640
321820,아티스트컴퍼니,엔터테인먼트,190214787200
322000,HD현대에너지솔루션,신재생에너지,320880000000
322180,LS티라유텍,IT소프트웨어,109212756480
322310,오로스테크놀로지,반도체 장비,200912325900
322510,제이엘케이,AI,182786866720
322780,코퍼스코리아,반도체 장비,40929289427
323280,태성,반도체 장비,628601074500
323350,다원넥스뷰,디스플레이 장비,51829694840
323410,카카오뱅크,은행,10445777400300
323990,박셀바이오,바이오/제약/신약개발,216991028850
326030,SK바이오팜,바이오/제약/신약개발,8081927400000
327260,RF머트리얼즈,반도체 소재,45961108950
328130,루닛,AI,1568642484000
328380,솔트웨어,IT소프트웨어,34605405780
329180,HD현대중공업,조선/기계/중공업,35775565748000
330350,위더스제약,바이오/제약/신약개발,86606031840
330590,롯데리츠,기타금융,1012835938420
330730,스톤브릿지벤처스,창업투자/VC,76959519200
330860,네패스아크,IT하드웨어/반도체,132806090500
331380,포커스에이치엔에스,헬스케어,40633108176
331520,밸로프,게임,33519633010
331920,셀레믹스,바이오/제약/신약개발,24369981780
332290,누보,기타,36255896058
332370,아이디피,IT하드웨어/반도체,58006182620
332570,와이팜,통신,144014803200
333050,모코엠시스,IT소프트웨어,37043055630
333430,일승,건설,151021961505
333620,엔시스,IT소프트웨어,79594833760
334890,이지스밸류리츠,기타금융,239726565540
334970,프레스티지바이오로직스,바이오/제약/신약개발,328250780880
335810,프리시젼바이오,진단기기/의료기기,29965477080
335870,윙스풋,IT소프트웨어,36181021680
335890,비올,미용기기,479036825000
336060,웨이버스,AI,62505449600
336260,두산퓨얼셀,신재생에너지,1015807690260
336370,솔루스첨단소재,이차전지 소재,584910475520
336570,원텍,미용기기,719191982950
336680,탑런토탈솔루션,기타,170674632880
337930,젝시믹스,의류,182317822340
338100,NH프라임리츠,기타금융,84903000000
338220,뷰노,AI,268367021910
338840,와이바이오로직스,바이오/제약/신약개발,114712324160
339770,교촌에프앤비,음식료,270810733600
339950,아이비김영,유통/소매,117086036275
340360,다보링크,통신,87200587456
340440,세림B&G,음식료,39020250500
340570,티앤엘,헬스케어,577900800000
340810,시선에이아이,AI,44352056655
340930,유일에너테크,이차전지 장비,63551868100
344820,KCC글라스,건자재,510257858400
344860,이노진,화장품,23554740000
347000,센코,전력기기,79211942400
347700,스피어,IT소프트웨어,369608803200
347740,피엔케이피부임상연구센타,헬스케어,66323372960
347770,핌스,디스플레이 장비,36891265788
347850,디앤디파마텍,바이오/제약/신약개발,710964786400
347860,알체라,AI,65924766583
347890,엠투아이,IT소프트웨어,94713942400
348030,모비릭스,게임,47154658000
348080,큐라티스,바이오/제약/신약개발,77556007200
348150,고바이오랩,바이오/제약/신약개발,100784033910
348210,넥스틴,반도체 장비,585664579500
348340,뉴로메카,로봇,292509744600
348350,위드텍,반도체 장비,87680796000
348370,엔켐,이차전지 소재,1752768858100
348950,제이알글로벌리츠,기타금융,529954560000
350520,이지스레지던스리츠,기타금융,154838048400
351320,에스에이티이엔지,방위산업,62084798520
351330,이삭엔지니어링,조선/기계/중공업,61832359200
351870,차이커뮤니케이션,미디어,99441320220
352090,스톰테크,IT하드웨어/반도체,97817712720
352480,씨앤씨인터내셔널,화장품,328457264800
352700,씨앤투스,건자재,66349169975
352820,하이브,엔터테인먼트,9684112552500
352910,오비고,IT소프트웨어,53521091470
352940,인바이오,바이오/제약/신약개발,27930066100
353190,휴럼,음식료,28155570300
353200,대덕전자,IT하드웨어/반도체,728405474500
353590,오토앤,자동차 부품,51051635050
353810,이지바이오,음식료,173349260800
354200,엔젠바이오,진단기기/의료기기,33711666534
354320,알멕,철강/비철금속,152754005900
355150,코스텍시스,진단기기/의료기기,56296867000
355390,크라우드웍스,AI,110383509600
355690,에이텀,IT하드웨어/반도체,34645921800
356680,엑스게이트,IT소프트웨어,209223796360
356860,티엘비,IT하드웨어/반도체,188589843400
356890,싸이버원,IT소프트웨어,51401447500
357120,코람코라이프인프라리츠,기타금융,435089032380
357230,에이치피오,헬스케어,110064008505
357250,미래에셋맵스리츠,기타금융,67361807975
357430,마스턴프리미어리츠,기타금융,44995327825
357550,석경에이티,반도체 소재,266204000000
357580,아모센스,IT하드웨어/반도체,70014447360
357780,솔브레인,반도체 소재,1391585457400
357880,SKAI,IT소프트웨어,83017576455
358570,지아이이노베이션,바이오/제약/신약개발,860751393810
359090,씨엔알리서치,바이오/제약/신약개발,60186170351
360070,탑머티리얼,이차전지 장비,217552832400
360350,코셈,반도체 장비,49405040200
361390,제노코,방위산업,123613002720
361570,알비더블유,엔터테인먼트,72001943955
361610,SK아이이테크놀로지,이차전지 소재,1639844616000
361670,삼영에스앤씨,IT하드웨어/반도체,24484282560
362320,청담글로벌,유통/소매,119992353000
362990,드림인사이트,AI,37717288630
363250,진시스템,진단기기/의료기기,74125690920
363260,모비데이즈,IT소프트웨어,58924024808
363280,티와이홀딩스,지주회사,107414340840
365270,큐라클,바이오/제약/신약개발,95265845180
365330,에스와이스틸텍,건설,170803800000
365340,성일하이텍,이차전지 소재,429829567500
365550,ESR켄달스퀘어리츠,기타금융,1034547095000
365590,하이딥,반도체 소재,108319132107
365900,브이씨,창업투자/VC,27121213000
366030,공구우먼,유통/소매,97751362750
367000,플래티어,IT소프트웨어,40640862915
368600,아이씨에이치,반도체 소재,58139616990
368770,파이버프로,통신,222094561000
368970,오에스피,음식료,24720593200
369370,블리츠웨이스튜디오,엔터테인먼트,74708122678
370090,퓨런티어,반도체 장비,138021667900
371950,풍원정밀,자동차 부품,260902051200
372170,윤성에프앤씨,이차전지 장비,275676108400
372320,큐로셀,바이오/제약/신약개발,385304328900
372800,아이티아이즈,IT소프트웨어,45202425000
372910,한컴라이프케어,헬스케어,85929030630
373110,엑셀세라퓨틱스,바이오/제약/신약개발,42331847940
373160,데이원컴퍼니,IT소프트웨어,102538298500
373170,엠아이큐브솔루션,IT소프트웨어,42469749900
373200,엑스플러스,게임,78356076365
373220,LG에너지솔루션,이차전지 배터리,80379000000000
375500,DL이앤씨,건설,1609654716800
376180,피코그램,홈리빙/가구,45581246770
376270,에이치이엠파마,헬스케어,147595226800
376290,씨유테크,로봇,59947212500
376300,디어유,엔터테인먼트,1044489864000
376930,노을,진단기기/의료기기,98833385500
376980,원티드랩,IT소프트웨어,74625704100
377030,비트맥스,IT소프트웨어,69771310028
377190,디앤디플랫폼리츠,기타금융,284206000000
377220,프롬바이오,헬스케어,63980600000
377300,카카오페이,IT소프트웨어,4013467605800
377330,이지트로닉스,자동차 부품,43304555280
377450,리파인,진단기기/의료기기,214718700000
377460,위니아에이드,유통,26030247855
377480,마음AI,AI,115092837520
377740,바이오노트,진단기기/의료기기,467416699840
378340,필에너지,이차전지 장비,325157585220
378800,샤페론,바이오/제약/신약개발,93744826410
378850,화승알앤에이,자동차 부품,60969529830
380540,옵티코어,디스플레이 장비,95395125300
381620,제닉스,화장품,107435764800
381970,케이카,유통,668285352510
382150,온코크로스,바이오/제약/신약개발,160482935130
382480,지아이텍,디스플레이 장비,101738206900
382800,지앤비에스 에코,신재생에너지,116183299650
382840,원준,이차전지 장비,142178419110
382900,범한퓨얼셀,신재생에너지,149375050000
383220,F&F,의류,2643188175000
383310,에코프로에이치엔,이차전지 소재,618760494000
383800,LX홀딩스,지주회사,495824485000
383930,디티앤씨알오,헬스케어,83991720960
384470,코어라인소프트,AI,69470156240
387570,파인메딕스,진단기기/의료기기,48270222000
388050,지투파워,원자력,147991646670
388720,유일로보틱스,로봇,814146543400
388790,라이콤,통신,77087664360
388870,파로스아이바이오,바이오/제약/신약개발,90621524000
389020,자람테크놀로지,IT하드웨어/반도체,243570789000
389030,지니너스,바이오/제약/신약개발,50394637795
389140,포바이포,AI,238923802500
389260,대명에너지,신재생에너지,263593000000
389470,인벤티지랩,바이오/제약/신약개발,268261050000
389500,에스비비테크,로봇,135230397600
389650,넥스트바이오메디컬,진단기기/의료기기,348600816600
389680,유디엠텍,진단기기/의료기기,31650124009
391710,코닉오토메이션,IT소프트웨어,72351947920
393210,토마토시스템,IT소프트웨어,124291770240
393890,더블유씨피,이차전지 소재,290374175520
393970,대진첨단소재,이차전지 소재,192950532800
394280,오픈엣지테크놀로지,AI,296139322710
394800,쓰리빌리언,바이오/제약/신약개발,212534311300
395400,SK리츠,기타금융,1338134610030
396270,넥스트칩,IT하드웨어/반도체,130602146800
396300,세아메카닉스,자동차 부품,59998717500
396470,워트,반도체 소재,123640400000
396690,미래에셋글로벌리츠,기타금융,107926186500
397030,에이프릴바이오,바이오/제약/신약개발,366298503840
398120,에스지헬스케어,진단기기/의료기기,40201161000
399720,가온칩스,IT하드웨어/반도체,492886100000
400760,NH올원리츠,기타금융,156470199600
402030,코난테크놀로지,AI,300442945600
402340,SK스퀘어,지주회사,11979260623200
402490,그린리소스,철강/비철금속,115746627120
403490,우듬지팜,음식료,80071273744
403550,쏘카,운송/항공/물류,475222321940
403870,HPSP,반도체 장비,2008140560400
404990,신한서부티엔디리츠,기타금융,190529785020
405100,큐알티,IT하드웨어/반도체,153493369490
405920,나라셀라,음식료,31615676580
406820,뷰티스킨,화장품,46649328000
407400,꿈비,홈리빙/가구,136015550880
408900,스튜디오미르,엔터테인먼트,117008076900
408920,메쎄이상,기타,92733615975
411080,샌즈랩,IT소프트웨어,124278573320
412350,레이저쎌,반도체 장비,29191721340
413390,엠오티,반도체 장비,112211944200
413630,씨피시스템,전력기기,51529130329
413640,비아이매트릭스,IT소프트웨어,109905835000
415380,스튜디오삼익,홈리빙/가구,35832223040
415640,KB발해인프라,창업투자/VC,921542520960
416180,신성에스티,전력기기,307352452000
417010,나노팀,이차전지 소재,129032499200
417180,핑거스토리,미디어,46076412660
417200,LS머트리얼즈,전력기기,749591461720
417310,코람코더원리츠,기타금융,201798000000
417500,제이아이테크,반도체 장비,115238375160
417790,트루엔,IT소프트웨어,99326839500
417840,저스템,반도체 장비,55601172250
417860,오브젠,IT소프트웨어,45812548760
417970,모델솔루션,자동차 부품,75289159000
418420,라온텍,디스플레이 패널,85206865390
418470,밀리의서재,미디어,106241112500
418550,제이오,반도체 소재,311852135020
418620,이에이트,IT소프트웨어,42920593180
419050,삼기에너지솔루션즈,신재생에너지,97919962880
419080,엔젯,반도체 장비,85791673240
419120,산돌,IT소프트웨어,58307445000
419530,SAMG엔터,엔터테인먼트,329786968000
419540,비스토스,AI,41961332575
420570,제이투케이바이오,바이오/제약/신약개발,63737564700
420770,기가비스,반도체 장비,334006223300
424760,벨로크,이차전지 장비,19723997006
424960,스마트레이더시스템,IT하드웨어/반도체,154421799000
424980,마이크로투나노,IT하드웨어/반도체,51671909700
425040,티이엠씨,반도체 소재,144949221600
425420,티에프이,반도체 장비,201443700000
429270,시지트로닉스,반도체 소재,27352937500
430690,한싹,IT소프트웨어,57745233100
431190,케이쓰리아이,IT소프트웨어,33763853420
432320,KB스타리츠,기타금융,396529854350
432430,와이랩,미디어,98806323200
432470,케이엔에스,이차전지 장비,93858695920
432720,퀄리타스반도체,IT하드웨어/반도체,217036771880
432980,엠에프씨,화장품,35226142200
434480,모니터랩,IT소프트웨어,53180496000
435570,에르코스,IT소프트웨어,134358091560
437730,삼현,자동차 부품,432174138210
438700,버넥트,IT소프트웨어,49929107200
439090,마녀공장,화장품,299722158000
439580,블루엠텍,헬스케어,173138425500
440110,파두,IT하드웨어/반도체,543989709930
440290,HB인베스트먼트,창업투자/VC,55569370500
440320,오픈놀,IT소프트웨어,86480100000
441270,파인엠텍,IT하드웨어/반도체,199734665400
443060,HD현대마린솔루션,조선/기계/중공업,7087498101000
443250,레뷰코퍼레이션,IT소프트웨어,140385733800
443670,에스피소프트,IT소프트웨어,179127678080
444530,심플랫폼,AI,97987263900
445090,에이직랜드,IT하드웨어/반도체,353872533000
445180,퓨릿,이차전지 소재,97932057920
445680,큐리옥스바이오시스템즈,바이오/제약/신약개발,397264908000
446070,유니드비티플러스,정유/화학/가스,48334084325
446540,메가터치,IT하드웨어/반도체,91703965000
448280,에코아이,신재생에너지,293348177100
448710,코츠테크놀로지,방위산업,99319920320
448730,삼성FN리츠,기타금융,407904000000
448900,한국피아이엠,이차전지 소재,96611713130
450080,에코프로머티,이차전지 소재,3905359808000
450140,코오롱모빌리티그룹,유통/소매,134029428750
450330,하스,AI,69583759920
450520,인스웨이브,IT소프트웨어,63376731180
450950,아스테라시스,IT하드웨어/반도체,340242924180
451220,아이엠티,디스플레이 장비,82525923280
451250,삐아,화장품,107860785130
451760,컨텍,운송/항공/물류,147965868120
451800,한화리츠,기타금융,694154000000
452160,제이엔비,바이오/제약/신약개발,50011140400
452190,한빛레이저,반도체 장비,129918056920
452200,민테크,이차전지 장비,93635717500
452260,한화갤러리아,유통,227785041750
452280,한선엔지니어링,조선/기계/중공업,119903137500
452300,캡스톤파트너스,창업투자/VC,44826488400
452400,이닉스,자동차 부품,80554280640
452430,사피엔반도체,IT하드웨어/반도체,151943663500
452450,피아이이,이차전지 소재,330673980000
453340,현대그린푸드,음식료,493388190600
453450,그리드위즈,전력기기,141619232500
453860,에이에스텍,디스플레이 장비,116821489750
454910,두산로보틱스,로봇,3344710968000
455900,엔젤로보틱스,로봇,365034039850
456010,아이씨티케이,AI,201542674080
456040,OCI,정유/화학/가스,499549221000
456070,이엔셀,바이오/제약/신약개발,158154851280
457190,이수스페셜티케미컬,정유/화학/가스,1362393428000
457370,한켐,반도체 소재,75936687640
457550,우진엔텍,원자력,175877300830
457600,벡트,IT소프트웨어,64493787500
458650,성우,자동차 부품,234261081900
458870,씨어스테크놀로지,헬스케어,163429622400
459100,위츠,IT소프트웨어,91147000000
460470,아이빔테크놀로지,반도체 장비,57066168600
460850,동국씨엠,철강/비철금속,189856465600
460860,동국제강,철강/비철금속,460362397760
460870,에스엠씨지,창업투자/VC,128639101950
460930,현대힘스,조선/기계/중공업,653241997240
460940,피앤에스미캐닉스,자동차 부품,86656598600
461030,아이엠비디엑스,바이오/제약/신약개발,132748092500
461300,아이스크림미디어,미디어,214411066560
462350,이노스페이스,운송/항공/물류,189389018800
462510,라메디텍,미용기기,75167170050
462520,조선내화,건자재,159570561280
462860,더즌,IT소프트웨어,73198588425
462870,시프트업,게임,3152326408000
462980,아이지넷,IT소프트웨어,62635291095
463480,모티브링크,IT소프트웨어,178668962360
464080,에스오에스랩,IT하드웨어/반도체,189372399300
464280,티디에스팜,바이오/제약/신약개발,70341600000
464500,아이언디바이스,진단기기/의료기기,48173257350
464580,닷밀,IT소프트웨어,53698454760
465480,인스피언,IT소프트웨어,80493909680
465770,STX그린로지스,운송/항공/물류,62316268080
466100,클로봇,로봇,466896360660
466410,사이냅소프트,IT소프트웨어,69964249470
469750,아이비젼웍스,디스플레이 장비,32782640646
471820,셀로맥스사이언스,바이오/제약/신약개발,60083447640
472850,폰드그룹,IT소프트웨어,194063598000
473980,노머스,AI,292882278150
474170,루미르,전력기기,158662879200
474610,RF시스템즈,통신,66821541710
475150,SK이터닉스,신재생에너지,602509649700
475400,씨메스,AI,321553511000
475460,미트박스,유통/소매,69446720750
475560,더본코리아,음식료,408958965000
475580,에이럭스,IT하드웨어/반도체,162817555000
475660,에스켐,정유/화학/가스,42503915600
475830,오름테라퓨틱,바이오/제약/신약개발,533692509000
475960,토모큐브,진단기기/의료기기,228854798760
476060,온코닉테라퓨틱스,바이오/제약/신약개발,265519824000
476080,M83,엔터테인먼트,120044700000
478560,블랙야크아이앤씨,의류,90975618475
479960,위너스,IT소프트웨어,144213550000
480370,씨케이솔루션,이차전지 소재,132639863930
481070,에이유브랜즈,유통,186628800000
481850,신한글로벌액티브리츠,기타금융,68216454816
482630,삼양엔씨켐,정유/화학/가스,189722804400
484810,티엑스알로보틱스,로봇,310563391500
484870,엠앤씨솔루션,IT소프트웨어,867789720000
487570,HS효성,지주회사,156488934000
489500,엘케이켐,정유/화학/가스,169193609200
489790,한화비전,방위산업,2837447518000
499790,GS피앤엘,유통,399591446150
900070,글로벌에스엠,유통,23593601952
900100,애머릿지,유통,52574587464
900110,이스트아시아홀딩스,지주회사,30847228224
900120,씨엑스아이,기타금융,16832359320
900140,엘브이엠씨홀딩스,의류,312119319609
900250,크리스탈신소재,디스플레이 소재,124630563816
900260,로스웰,전력기기,19709114536
900270,헝셩그룹,의류,34720372608
900290,GRT,IT하드웨어/반도체,268422000000
900300,오가닉티코스메틱,화장품,17748773952
900310,컬러레이,화학/정유/가스,51233340000
900340,윙입푸드,음식료,74640766224
950110,SBI핀테크솔루션즈,IT소프트웨어,117616920600
950130,엑세스바이오,진단기기/의료기기,189770994960
950140,잉글우드랩,화장품,209605986300
950160,코오롱티슈진,바이오/제약/신약개발,3705255801000
950170,JTC,유통,257696813040
950190,고스트스튜디오,엔터테인먼트,102528184600
950200,소마젠,헬스케어,69730692125
950210,프레스티지바이오파마,바이오/제약/신약개발,918870209950
950220,네오이뮨텍,바이오/제약/신약개발,120717174765
